gen_time_iso,gen_ms,index,target_time_iso,target_ms,horizon_min,profile,mode,q10,q50,q90
2025-11-13T09:59:30,1763008170000,SENSEX,2025-11-13T10:00:30,1763008230000,1,optimized,retrieval,279.85,279.85,279.85019
2025-11-13T09:59:30,1763008170000,SENSEX,2025-11-13T10:01:30,1763008290000,2,optimized,retrieval,279.85,279.85,279.85019
2025-11-13T09:59:30,1763008170000,SENSEX,2025-11-13T10:02:30,1763008350000,3,optimized,retrieval,279.85,279.85,279.85019
2025-11-13T09:59:30,1763008170000,SENSEX,2025-11-13T10:03:30,1763008410000,4,optimized,retrieval,279.85,279.85,279.85019
2025-11-13T09:59:30,1763008170000,SENSEX,2025-11-13T10:04:30,1763008470000,5,optimized,retrieval,279.85,279.85,279.85019
2025-11-13T09:59:30,1763008170000,SENSEX,2025-11-13T10:05:30,1763008530000,6,optimized,retrieval,279.85,279.85,279.85019
2025-11-13T09:59:30,1763008170000,SENSEX,2025-11-13T10:06:30,1763008590000,7,optimized,retrieval,279.85,279.85,279.85019
2025-11-13T09:59:30,1763008170000,SENSEX,2025-11-13T10:07:30,1763008650000,8,optimized,retrieval,279.85,279.85,279.85019
2025-11-13T09:59:30,1763008170000,SENSEX,2025-11-13T10:08:30,1763008710000,9,optimized,retrieval,279.85,279.85,279.85019
2025-11-13T09:59:30,1763008170000,SENSEX,2025-11-13T10:09:30,1763008770000,10,optimized,retrieval,279.85,279.85,279.85019
2025-11-13T09:59:30,1763008170000,SENSEX,2025-11-13T10:10:30,1763008830000,11,optimized,retrieval,279.85,279.85,279.85019
2025-11-13T09:59:30,1763008170000,SENSEX,2025-11-13T10:11:30,1763008890000,12,optimized,retrieval,279.85,279.85,279.85019
2025-11-13T09:59:30,1763008170000,SENSEX,2025-11-13T10:12:30,1763008950000,13,optimized,retrieval,279.85,279.85,279.85019
2025-11-13T09:59:30,1763008170000,SENSEX,2025-11-13T10:13:30,1763009010000,14,optimized,retrieval,279.85,279.85,279.85019
2025-11-13T09:59:30,1763008170000,SENSEX,2025-11-13T10:14:30,1763009070000,15,optimized,retrieval,279.85,279.85,279.85019
2025-11-13T09:59:30,1763008170000,SENSEX,2025-11-13T10:15:30,1763009130000,16,optimized,retrieval,279.85,279.85,279.85019
2025-11-13T09:59:30,1763008170000,SENSEX,2025-11-13T10:16:30,1763009190000,17,optimized,retrieval,279.85,279.85,279.85019
2025-11-13T09:59:30,1763008170000,SENSEX,2025-11-13T10:17:30,1763009250000,18,optimized,retrieval,279.85,279.85,279.85019
2025-11-13T09:59:30,1763008170000,SENSEX,2025-11-13T10:18:30,1763009310000,19,optimized,retrieval,279.85,279.85,279.85019
2025-11-13T09:59:30,1763008170000,SENSEX,2025-11-13T10:19:30,1763009370000,20,optimized,retrieval,279.85,279.85,279.85019
2025-11-13T09:59:30,1763008170000,SENSEX,2025-11-13T10:20:30,1763009430000,21,optimized,retrieval,279.85,279.85,279.85019
2025-11-13T09:59:30,1763008170000,SENSEX,2025-11-13T10:21:30,1763009490000,22,optimized,retrieval,279.85,279.85,279.85019
2025-11-13T09:59:30,1763008170000,SENSEX,2025-11-13T10:22:30,1763009550000,23,optimized,retrieval,279.85,279.85,279.85019
2025-11-13T09:59:30,1763008170000,SENSEX,2025-11-13T10:23:30,1763009610000,24,optimized,retrieval,279.85,279.85,279.85019
2025-11-13T09:59:30,1763008170000,SENSEX,2025-11-13T10:24:30,1763009670000,25,optimized,retrieval,279.85,279.85,279.85019
2025-11-13T09:59:30,1763008170000,SENSEX,2025-11-13T10:25:30,1763009730000,26,optimized,retrieval,279.85,279.85,279.85019
2025-11-13T09:59:30,1763008170000,SENSEX,2025-11-13T10:26:30,1763009790000,27,optimized,retrieval,279.85,279.85,279.85019
2025-11-13T09:59:30,1763008170000,SENSEX,2025-11-13T10:27:30,1763009850000,28,optimized,retrieval,279.85,279.85,279.85019
2025-11-13T09:59:30,1763008170000,SENSEX,2025-11-13T10:28:30,1763009910000,29,optimized,retrieval,279.85,279.85,279.85019
2025-11-13T09:59:30,1763008170000,SENSEX,2025-11-13T10:29:30,1763009970000,30,optimized,retrieval,279.85,279.85,279.85019
2025-11-13T09:59:30,1763008170000,SENSEX,2025-11-13T10:30:30,1763010030000,31,optimized,retrieval,279.85,279.85,279.85019
2025-11-13T09:59:30,1763008170000,SENSEX,2025-11-13T10:31:30,1763010090000,32,optimized,retrieval,279.85,279.85,279.85019
2025-11-13T09:59:30,1763008170000,SENSEX,2025-11-13T10:32:30,1763010150000,33,optimized,retrieval,279.85,279.85,279.85019
2025-11-13T09:59:30,1763008170000,SENSEX,2025-11-13T10:33:30,1763010210000,34,optimized,retrieval,279.85,279.85,279.85019
2025-11-13T09:59:30,1763008170000,SENSEX,2025-11-13T10:34:30,1763010270000,35,optimized,retrieval,279.85,279.85,279.85019
2025-11-13T09:59:30,1763008170000,SENSEX,2025-11-13T10:35:30,1763010330000,36,optimized,retrieval,279.85,279.85,279.85019
2025-11-13T09:59:30,1763008170000,SENSEX,2025-11-13T10:36:30,1763010390000,37,optimized,retrieval,279.85,279.85,279.85019
2025-11-13T09:59:30,1763008170000,SENSEX,2025-11-13T10:37:30,1763010450000,38,optimized,retrieval,279.85,279.85,279.85019
2025-11-13T09:59:30,1763008170000,SENSEX,2025-11-13T10:38:30,1763010510000,39,optimized,retrieval,279.85,279.85,279.85019
2025-11-13T09:59:30,1763008170000,SENSEX,2025-11-13T10:39:30,1763010570000,40,optimized,retrieval,279.85,279.85,279.85019
2025-11-13T09:59:30,1763008170000,SENSEX,2025-11-13T10:40:30,1763010630000,41,optimized,retrieval,279.85,279.85,279.85019
2025-11-13T09:59:30,1763008170000,SENSEX,2025-11-13T10:41:30,1763010690000,42,optimized,retrieval,279.85,279.85,279.85019
2025-11-13T09:59:30,1763008170000,SENSEX,2025-11-13T10:42:30,1763010750000,43,optimized,retrieval,279.85,279.85,279.85019
2025-11-13T09:59:30,1763008170000,SENSEX,2025-11-13T10:43:30,1763010810000,44,optimized,retrieval,279.85,279.85,279.85019
2025-11-13T09:59:30,1763008170000,SENSEX,2025-11-13T10:44:30,1763010870000,45,optimized,retrieval,279.85,279.85,279.85019
2025-11-13T09:59:30,1763008170000,SENSEX,2025-11-13T10:45:30,1763010930000,46,optimized,retrieval,279.85,279.85,279.85019
2025-11-13T09:59:30,1763008170000,SENSEX,2025-11-13T10:46:30,1763010990000,47,optimized,retrieval,279.85,279.85,279.85019
2025-11-13T09:59:30,1763008170000,SENSEX,2025-11-13T10:47:30,1763011050000,48,optimized,retrieval,279.85,279.85,279.85019
2025-11-13T09:59:30,1763008170000,SENSEX,2025-11-13T10:48:30,1763011110000,49,optimized,retrieval,279.85,279.85,279.85019
2025-11-13T09:59:30,1763008170000,SENSEX,2025-11-13T10:49:30,1763011170000,50,optimized,retrieval,279.85,279.85,279.85019
2025-11-13T09:59:30,1763008170000,SENSEX,2025-11-13T10:50:30,1763011230000,51,optimized,retrieval,279.85,279.85,279.85019
2025-11-13T09:59:30,1763008170000,SENSEX,2025-11-13T10:51:30,1763011290000,52,optimized,retrieval,279.85,279.85,279.85019
2025-11-13T09:59:30,1763008170000,SENSEX,2025-11-13T10:52:30,1763011350000,53,optimized,retrieval,279.85,279.85,279.85019
2025-11-13T09:59:30,1763008170000,SENSEX,2025-11-13T10:53:30,1763011410000,54,optimized,retrieval,279.85,279.85,279.85019
2025-11-13T09:59:30,1763008170000,SENSEX,2025-11-13T10:54:30,1763011470000,55,optimized,retrieval,279.85,279.85,279.85019
2025-11-13T09:59:30,1763008170000,SENSEX,2025-11-13T10:55:30,1763011530000,56,optimized,retrieval,279.85,279.85,279.85019
2025-11-13T09:59:30,1763008170000,SENSEX,2025-11-13T10:56:30,1763011590000,57,optimized,retrieval,279.85,279.85,279.85019
2025-11-13T09:59:30,1763008170000,SENSEX,2025-11-13T10:57:30,1763011650000,58,optimized,retrieval,279.85,279.85,279.85019
2025-11-13T09:59:30,1763008170000,SENSEX,2025-11-13T10:58:30,1763011710000,59,optimized,retrieval,279.85,279.85,279.85019
2025-11-13T09:59:30,1763008170000,SENSEX,2025-11-13T10:59:30,1763011770000,60,optimized,retrieval,279.85,279.85,279.85019
2025-11-13T11:12:30,1763012550000,SENSEX,2025-11-13T11:13:30,1763012610000,1,optimized,hybrid,222.791553743665,262.2,299.53630686738916
2025-11-13T11:12:30,1763012550000,SENSEX,2025-11-13T11:14:30,1763012670000,2,optimized,hybrid,224.78724341556637,263.00845597683946,315.4006865344125
2025-11-13T11:12:30,1763012550000,SENSEX,2025-11-13T11:15:30,1763012730000,3,optimized,hybrid,232.7310583152488,260.8100086654193,299.965766000835
2025-11-13T11:12:30,1763012550000,SENSEX,2025-11-13T11:16:30,1763012790000,4,optimized,hybrid,238.66567854006578,262.03182553400416,299.633231233047
2025-11-13T11:12:30,1763012550000,SENSEX,2025-11-13T11:17:30,1763012850000,5,optimized,hybrid,232.0001896699468,262.18066285095455,294.56114394350357
2025-11-13T11:12:30,1763012550000,SENSEX,2025-11-13T11:18:30,1763012910000,6,optimized,hybrid,230.29306711771864,255.5530108612902,300.2613735772522
2025-11-13T11:12:30,1763012550000,SENSEX,2025-11-13T11:19:30,1763012970000,7,optimized,hybrid,235.22488459504984,258.9455698420769,297.4667614518272
2025-11-13T11:12:30,1763012550000,SENSEX,2025-11-13T11:20:30,1763013030000,8,optimized,hybrid,228.15122848590084,261.284644281415,297.0401235132857
2025-11-13T11:12:30,1763012550000,SENSEX,2025-11-13T11:21:30,1763013090000,9,optimized,hybrid,220.42566960858582,255.5672017217363,297.45608817246506
2025-11-13T11:12:30,1763012550000,SENSEX,2025-11-13T11:22:30,1763013150000,10,optimized,hybrid,214.00837686613102,254.68073356069903,303.49050415247825
2025-11-13T11:12:30,1763012550000,SENSEX,2025-11-13T11:23:30,1763013210000,11,optimized,hybrid,220.50648755608114,259.4463796728157,308.94115345049914
2025-11-13T11:12:30,1763012550000,SENSEX,2025-11-13T11:24:30,1763013270000,12,optimized,hybrid,220.0748804317487,255.37919464032115,298.87670107378045
2025-11-13T11:12:30,1763012550000,SENSEX,2025-11-13T11:25:30,1763013330000,13,optimized,hybrid,214.09187483556832,258.99834608020456,304.5896704620501
2025-11-13T11:12:30,1763012550000,SENSEX,2025-11-13T11:26:30,1763013390000,14,optimized,hybrid,216.58728952333215,258.0618380602695,303.7931973881502
2025-11-13T11:12:30,1763012550000,SENSEX,2025-11-13T11:27:30,1763013450000,15,optimized,hybrid,215.99850091312118,254.2271536040526,300.0720514997548
2025-11-13T11:12:30,1763012550000,SENSEX,2025-11-13T11:28:30,1763013510000,16,optimized,hybrid,217.44775994455202,255.36289336340786,299.89499907543785
2025-11-13T11:12:30,1763012550000,SENSEX,2025-11-13T11:29:30,1763013570000,17,optimized,hybrid,202.3008567691217,258.2485544851889,296.7343478060693
2025-11-13T11:12:30,1763012550000,SENSEX,2025-11-13T11:30:30,1763013630000,18,optimized,hybrid,202.0566525290221,255.22231413030863,313.17953765370106
2025-11-13T11:12:30,1763012550000,SENSEX,2025-11-13T11:31:30,1763013690000,19,optimized,hybrid,205.1213307651454,256.1965309557495,316.0635536066348
2025-11-13T11:12:30,1763012550000,SENSEX,2025-11-13T11:32:30,1763013750000,20,optimized,hybrid,217.44014509865255,254.96297762423268,324.19586984955714
2025-11-13T11:12:30,1763012550000,SENSEX,2025-11-13T11:33:30,1763013810000,21,optimized,hybrid,213.27131948833215,259.11290004219506,293.43535418360375
2025-11-13T11:12:30,1763012550000,SENSEX,2025-11-13T11:34:30,1763013870000,22,optimized,hybrid,217.09975790390686,257.8330157768788,300.46231421382464
2025-11-13T11:12:30,1763012550000,SENSEX,2025-11-13T11:35:30,1763013930000,23,optimized,hybrid,216.74477816657628,259.4567499399617,296.09893064587334
2025-11-13T11:12:30,1763012550000,SENSEX,2025-11-13T11:36:30,1763013990000,24,optimized,hybrid,212.97062087223904,258.59276311172135,296.81966223223384
2025-11-13T11:12:30,1763012550000,SENSEX,2025-11-13T11:37:30,1763014050000,25,optimized,hybrid,204.6066243971115,261.21578327149956,296.87923355651316
2025-11-13T11:12:30,1763012550000,SENSEX,2025-11-13T11:38:30,1763014110000,26,optimized,hybrid,202.89694793910235,264.0291985757,294.3452097882782
2025-11-13T11:12:30,1763012550000,SENSEX,2025-11-13T11:39:30,1763014170000,27,optimized,hybrid,197.72080794125532,263.5348485216526,295.0714103787122
2025-11-13T11:12:30,1763012550000,SENSEX,2025-11-13T11:40:30,1763014230000,28,optimized,hybrid,202.60917827470695,264.13735792428537,294.775240256314
2025-11-13T11:12:30,1763012550000,SENSEX,2025-11-13T11:41:30,1763014290000,29,optimized,hybrid,204.49879688889413,264.0951813880763,295.10095781269126
2025-11-13T11:12:30,1763012550000,SENSEX,2025-11-13T11:42:30,1763014350000,30,optimized,hybrid,202.83989476667946,262.6367587890646,292.9393368961452
2025-11-13T11:12:30,1763012550000,SENSEX,2025-11-13T11:43:30,1763014410000,31,optimized,hybrid,207.90289794301492,261.63297819330063,297.7756611506001
2025-11-13T11:12:30,1763012550000,SENSEX,2025-11-13T11:44:30,1763014470000,32,optimized,hybrid,205.45342131367173,259.3184235028663,301.15940672321886
2025-11-13T11:12:30,1763012550000,SENSEX,2025-11-13T11:45:30,1763014530000,33,optimized,hybrid,211.73285908480472,256.9328981692195,307.81981513202686
2025-11-13T11:12:30,1763012550000,SENSEX,2025-11-13T11:46:30,1763014590000,34,optimized,hybrid,206.84541048670317,259.5046625380563,308.77829481526055
2025-11-13T11:12:30,1763012550000,SENSEX,2025-11-13T11:47:30,1763014650000,35,optimized,hybrid,202.74205037590096,261.37267679331586,306.9148981968137
2025-11-13T11:12:30,1763012550000,SENSEX,2025-11-13T11:48:30,1763014710000,36,optimized,hybrid,198.19759667581093,258.36154123010255,305.7639361706215
2025-11-13T11:12:30,1763012550000,SENSEX,2025-11-13T11:49:30,1763014770000,37,optimized,hybrid,205.4818822547161,259.72780614299205,311.77473365758016
2025-11-13T11:12:30,1763012550000,SENSEX,2025-11-13T11:50:30,1763014830000,38,optimized,hybrid,200.10075853755842,260.5496111968307,309.66825673583327
2025-11-13T11:12:30,1763012550000,SENSEX,2025-11-13T11:51:30,1763014890000,39,optimized,hybrid,207.85825196869658,254.05902304534095,314.0262862634644
2025-11-13T11:12:30,1763012550000,SENSEX,2025-11-13T11:52:30,1763014950000,40,optimized,hybrid,210.56178827468773,256.43821363403435,315.54030187309417
2025-11-13T11:12:30,1763012550000,SENSEX,2025-11-13T11:53:30,1763015010000,41,optimized,hybrid,214.18743781956195,256.0776502797839,312.16303191905155
2025-11-13T11:12:30,1763012550000,SENSEX,2025-11-13T11:54:30,1763015070000,42,optimized,hybrid,216.27659749029678,255.39799894849097,306.26085351250856
2025-11-13T11:12:30,1763012550000,SENSEX,2025-11-13T11:55:30,1763015130000,43,optimized,hybrid,200.61768866167694,258.62161145135565,309.2998091288043
2025-11-13T11:12:30,1763012550000,SENSEX,2025-11-13T11:56:30,1763015190000,44,optimized,hybrid,205.35539642553476,256.73964081486184,311.25680950456456
2025-11-13T11:12:30,1763012550000,SENSEX,2025-11-13T11:57:30,1763015250000,45,optimized,hybrid,198.67116838045052,250.71322169370046,319.0799722031122
2025-11-13T11:12:30,1763012550000,SENSEX,2025-11-13T11:58:30,1763015310000,46,optimized,hybrid,195.82437175659146,254.09221545031636,319.38019561584355
2025-11-13T11:12:30,1763012550000,SENSEX,2025-11-13T11:59:30,1763015370000,47,optimized,hybrid,201.20495411866838,259.3654388370323,323.0280778320459
2025-11-13T11:12:30,1763012550000,SENSEX,2025-11-13T12:00:30,1763015430000,48,optimized,hybrid,201.56740647706854,255.27734598535483,320.7119649625532
2025-11-13T11:12:30,1763012550000,SENSEX,2025-11-13T12:01:30,1763015490000,49,optimized,hybrid,205.89384806246275,252.52579841186378,329.14076656102856
2025-11-13T11:12:30,1763012550000,SENSEX,2025-11-13T12:02:30,1763015550000,50,optimized,hybrid,206.144160757009,252.92578125866885,327.14145555013977
2025-11-13T11:12:30,1763012550000,SENSEX,2025-11-13T12:03:30,1763015610000,51,optimized,hybrid,197.4711714987432,252.03575594217403,330.5045888809205
2025-11-13T11:12:30,1763012550000,SENSEX,2025-11-13T12:04:30,1763015670000,52,optimized,hybrid,197.97506408252215,252.09307315104002,333.9005603183023
2025-11-13T11:12:30,1763012550000,SENSEX,2025-11-13T12:05:30,1763015730000,53,optimized,hybrid,201.6199444862991,250.42498112691965,334.38901191666605
2025-11-13T11:12:30,1763012550000,SENSEX,2025-11-13T12:06:30,1763015790000,54,optimized,hybrid,212.26211270207781,248.60933359994294,315.98585555016416
2025-11-13T11:12:30,1763012550000,SENSEX,2025-11-13T12:07:30,1763015850000,55,optimized,hybrid,211.9006075426142,250.77936660586727,340.8787892947965
2025-11-13T11:12:30,1763012550000,SENSEX,2025-11-13T12:08:30,1763015910000,56,optimized,hybrid,208.7814400137207,248.00948020040937,325.62231798358994
2025-11-13T11:12:30,1763012550000,SENSEX,2025-11-13T12:09:30,1763015970000,57,optimized,hybrid,183.98181875402895,252.99566274576227,324.4245184404688
2025-11-13T11:12:30,1763012550000,SENSEX,2025-11-13T12:10:30,1763016030000,58,optimized,hybrid,212.96303575673596,248.08512130517852,338.20228327155905
2025-11-13T11:12:30,1763012550000,SENSEX,2025-11-13T12:11:30,1763016090000,59,optimized,hybrid,223.30810245709634,248.81660602425944,341.24212596437985
2025-11-13T11:12:30,1763012550000,SENSEX,2025-11-13T12:12:30,1763016150000,60,optimized,hybrid,186.38786809541386,247.46042416623544,338.80352353801135
2025-11-13T12:12:30,1763016150000,SENSEX,2025-11-13T12:13:30,1763016210000,1,optimized,hybrid,209.43649917300021,230.45,249.36159592638245
2025-11-13T12:12:30,1763016150000,SENSEX,2025-11-13T12:14:30,1763016270000,2,optimized,hybrid,210.16912797227678,231.1483230342485,257.59131842102374
2025-11-13T12:12:30,1763016150000,SENSEX,2025-11-13T12:15:30,1763016330000,3,optimized,hybrid,212.5494171590899,226.24538056990167,247.12081735852945
2025-11-13T12:12:30,1763016150000,SENSEX,2025-11-13T12:16:30,1763016390000,4,optimized,hybrid,211.97446499041126,230.61912243973092,248.77905633328982
2025-11-13T12:12:30,1763016150000,SENSEX,2025-11-13T12:17:30,1763016450000,5,optimized,hybrid,207.9012322873579,230.8404700259402,245.60492790785133
2025-11-13T12:12:30,1763016150000,SENSEX,2025-11-13T12:18:30,1763016510000,6,optimized,hybrid,202.60090131129462,225.39942131077783,245.19404290165403
2025-11-13T12:12:30,1763016150000,SENSEX,2025-11-13T12:19:30,1763016570000,7,optimized,hybrid,205.7864491905108,230.75108308114534,246.21207611117862
2025-11-13T12:12:30,1763016150000,SENSEX,2025-11-13T12:20:30,1763016630000,8,optimized,hybrid,212.05571008926935,231.08523706081905,245.52725670492174
2025-11-13T12:12:30,1763016150000,SENSEX,2025-11-13T12:21:30,1763016690000,9,optimized,hybrid,203.47798535380946,226.58038297577485,237.8936734518513
2025-11-13T12:12:30,1763016150000,SENSEX,2025-11-13T12:22:30,1763016750000,10,optimized,hybrid,205.31277177058843,228.89118430588832,243.59900502570613
2025-11-13T12:12:30,1763016150000,SENSEX,2025-11-13T12:23:30,1763016810000,11,optimized,hybrid,208.92097799389788,229.7818921145216,255.63034501281612
2025-11-13T12:12:30,1763016150000,SENSEX,2025-11-13T12:24:30,1763016870000,12,optimized,hybrid,212.04444146536417,222.6096871050969,246.98894357746883
2025-11-13T12:12:30,1763016150000,SENSEX,2025-11-13T12:25:30,1763016930000,13,optimized,hybrid,212.60026737121112,227.4818295589302,250.9479475188645
2025-11-13T12:12:30,1763016150000,SENSEX,2025-11-13T12:26:30,1763016990000,14,optimized,hybrid,210.7051024501966,228.6514367850918,251.56470747626025
2025-11-13T12:12:30,1763016150000,SENSEX,2025-11-13T12:27:30,1763017050000,15,optimized,hybrid,201.2470618654822,223.4208753628792,241.5265806248795
2025-11-13T12:12:30,1763016150000,SENSEX,2025-11-13T12:28:30,1763017110000,16,optimized,hybrid,215.0509489229562,226.4150631981139,249.1291225002388
2025-11-13T12:12:30,1763016150000,SENSEX,2025-11-13T12:29:30,1763017170000,17,optimized,hybrid,216.7421667754328,225.17873510157682,252.2434036613847
2025-11-13T12:12:30,1763016150000,SENSEX,2025-11-13T12:30:30,1763017230000,18,optimized,hybrid,210.71912916133604,220.3296473854357,265.19007142762763
2025-11-13T12:12:30,1763016150000,SENSEX,2025-11-13T12:31:30,1763017290000,19,optimized,hybrid,210.84276887279987,227.5867603873919,261.16224008340566
2025-11-13T12:12:30,1763016150000,SENSEX,2025-11-13T12:32:30,1763017350000,20,optimized,hybrid,207.46239126141046,228.29005428141232,262.98597123001855
2025-11-13T12:12:30,1763016150000,SENSEX,2025-11-13T12:33:30,1763017410000,21,optimized,hybrid,211.35876257177512,222.86896715898303,256.1578230540131
2025-11-13T12:12:30,1763016150000,SENSEX,2025-11-13T12:34:30,1763017470000,22,optimized,hybrid,217.7622500674187,227.437908586603,259.8320394725232
2025-11-13T12:12:30,1763016150000,SENSEX,2025-11-13T12:35:30,1763017530000,23,optimized,hybrid,219.41053425363557,227.51534518312485,258.22647137650404
2025-11-13T12:12:30,1763016150000,SENSEX,2025-11-13T12:36:30,1763017590000,24,optimized,hybrid,210.4321977723606,221.35748905764603,261.8172650415713
2025-11-13T12:12:30,1763016150000,SENSEX,2025-11-13T12:37:30,1763017650000,25,optimized,hybrid,213.94875469147752,225.7125809159656,261.66933441912676
2025-11-13T12:12:30,1763016150000,SENSEX,2025-11-13T12:38:30,1763017710000,26,optimized,hybrid,211.03731337729616,225.1380318889657,259.5636052127134
2025-11-13T12:12:30,1763016150000,SENSEX,2025-11-13T12:39:30,1763017770000,27,optimized,hybrid,209.76681844753958,221.9869444120351,259.0155512818078
2025-11-13T12:12:30,1763016150000,SENSEX,2025-11-13T12:40:30,1763017830000,28,optimized,hybrid,210.75054261083926,226.7466312396714,258.92687244947865
2025-11-13T12:12:30,1763016150000,SENSEX,2025-11-13T12:41:30,1763017890000,29,optimized,hybrid,207.68052121391622,229.52925130365657,255.31244333636607
2025-11-13T12:12:30,1763016150000,SENSEX,2025-11-13T12:42:30,1763017950000,30,optimized,hybrid,205.55247927855717,226.40262677579955,252.42056964198127
2025-11-13T12:12:30,1763016150000,SENSEX,2025-11-13T12:43:30,1763018010000,31,optimized,hybrid,213.29536716841395,230.1930490436214,256.7330809461604
2025-11-13T12:12:30,1763016150000,SENSEX,2025-11-13T12:44:30,1763018070000,32,optimized,hybrid,208.29850455476551,228.32997299547668,254.94883334679042
2025-11-13T12:12:30,1763016150000,SENSEX,2025-11-13T12:45:30,1763018130000,33,optimized,hybrid,198.0337954255193,226.0812420404818,246.56730494685058
2025-11-13T12:12:30,1763016150000,SENSEX,2025-11-13T12:46:30,1763018190000,34,optimized,hybrid,206.69840608486163,229.5815768164743,251.17587009145274
2025-11-13T12:12:30,1763016150000,SENSEX,2025-11-13T12:47:30,1763018250000,35,optimized,hybrid,204.92534680591558,228.53553173858108,246.51018534454286
2025-11-13T12:12:30,1763016150000,SENSEX,2025-11-13T12:48:30,1763018310000,36,optimized,hybrid,189.11284210612348,224.22798295621578,242.66188374154245
2025-11-13T12:12:30,1763016150000,SENSEX,2025-11-13T12:49:30,1763018370000,37,optimized,hybrid,209.51850410737208,229.76887714668095,248.39356497622038
2025-11-13T12:12:30,1763016150000,SENSEX,2025-11-13T12:50:30,1763018430000,38,optimized,hybrid,196.98587532962958,228.54626140295971,256.8450166994261
2025-11-13T12:12:30,1763016150000,SENSEX,2025-11-13T12:51:30,1763018490000,39,optimized,hybrid,188.15963068541907,224.7280980465597,242.73986786941143
2025-11-13T12:12:30,1763016150000,SENSEX,2025-11-13T12:52:30,1763018550000,40,optimized,hybrid,191.9171957605804,228.65684244111975,248.84783195354896
2025-11-13T12:12:30,1763016150000,SENSEX,2025-11-13T12:53:30,1763018610000,41,optimized,hybrid,210.45086714403013,227.5513929428917,250.9806128390262
2025-11-13T12:12:30,1763016150000,SENSEX,2025-11-13T12:54:30,1763018670000,42,optimized,hybrid,187.74035130586645,223.45531209196412,247.58819674851242
2025-11-13T12:12:30,1763016150000,SENSEX,2025-11-13T12:55:30,1763018730000,43,optimized,hybrid,207.1044811647299,227.95974390143425,254.23390893979004
2025-11-13T12:12:30,1763016150000,SENSEX,2025-11-13T12:56:30,1763018790000,44,optimized,hybrid,208.82439750703938,228.3465276082731,255.4817770013206
2025-11-13T12:12:30,1763016150000,SENSEX,2025-11-13T12:57:30,1763018850000,45,optimized,hybrid,190.20280796383827,221.65185551370922,243.14238834623674
2025-11-13T12:12:30,1763016150000,SENSEX,2025-11-13T12:58:30,1763018910000,46,optimized,hybrid,206.86252565928802,225.65384740138342,250.2624267026265
2025-11-13T12:12:30,1763016150000,SENSEX,2025-11-13T12:59:30,1763018970000,47,optimized,hybrid,199.34682653737755,224.6181572453752,260.6842238900978
2025-11-13T12:12:30,1763016150000,SENSEX,2025-11-13T13:00:30,1763019030000,48,optimized,hybrid,205.02677892370065,219.98469087511353,254.90661125456063
2025-11-13T12:12:30,1763016150000,SENSEX,2025-11-13T13:01:30,1763019090000,49,optimized,hybrid,207.9421884106264,222.80280285600998,250.1121277685194
2025-11-13T12:12:30,1763016150000,SENSEX,2025-11-13T13:02:30,1763019150000,50,optimized,hybrid,209.56029394297803,223.3029356051394,261.289681472061
2025-11-13T12:12:30,1763016150000,SENSEX,2025-11-13T13:03:30,1763019210000,51,optimized,hybrid,204.647700149604,219.297476607046,252.52947637263173
2025-11-13T12:12:30,1763016150000,SENSEX,2025-11-13T13:04:30,1763019270000,52,optimized,hybrid,202.82149705217506,223.19276006285753,248.01937157485358
2025-11-13T12:12:30,1763016150000,SENSEX,2025-11-13T13:05:30,1763019330000,53,optimized,hybrid,197.109235677695,223.458941366204,243.56050359274442
2025-11-13T12:12:30,1763016150000,SENSEX,2025-11-13T13:06:30,1763019390000,54,optimized,hybrid,193.06122681888613,219.7806381939236,245.48056170928217
2025-11-13T12:12:30,1763016150000,SENSEX,2025-11-13T13:07:30,1763019450000,55,optimized,hybrid,195.119198878083,224.67264344315657,249.03551546835786
2025-11-13T12:12:30,1763016150000,SENSEX,2025-11-13T13:08:30,1763019510000,56,optimized,hybrid,195.31707453444218,224.45976539265064,245.9536911491568
2025-11-13T12:12:30,1763016150000,SENSEX,2025-11-13T13:09:30,1763019570000,57,optimized,hybrid,186.9547467554304,220.12621480718008,241.411965125568
2025-11-13T12:12:30,1763016150000,SENSEX,2025-11-13T13:10:30,1763019630000,58,optimized,hybrid,193.43791448711036,224.71758481417362,249.48446576012327
2025-11-13T12:12:30,1763016150000,SENSEX,2025-11-13T13:11:30,1763019690000,59,optimized,hybrid,193.0946627246394,225.10032824050637,244.670160126873
2025-11-13T12:12:30,1763016150000,SENSEX,2025-11-13T13:12:30,1763019750000,60,optimized,hybrid,187.06435469838715,220.6168412314999,237.06925791947918
2025-11-13T12:12:30,1763016150000,SENSEX,2025-11-13T12:13:30,1763016210000,1,optimized,hybrid,209.43649917300021,230.45,249.36159592638245
2025-11-13T12:12:30,1763016150000,SENSEX,2025-11-13T12:14:30,1763016270000,2,optimized,hybrid,210.16912797227678,231.1483230342485,257.59131842102374
2025-11-13T12:12:30,1763016150000,SENSEX,2025-11-13T12:15:30,1763016330000,3,optimized,hybrid,212.5494171590899,226.24538056990167,247.12081735852945
2025-11-13T12:12:30,1763016150000,SENSEX,2025-11-13T12:16:30,1763016390000,4,optimized,hybrid,211.97446499041126,230.61912243973092,248.77905633328982
2025-11-13T12:12:30,1763016150000,SENSEX,2025-11-13T12:17:30,1763016450000,5,optimized,hybrid,207.9012322873579,230.8404700259402,245.60492790785133
2025-11-13T12:12:30,1763016150000,SENSEX,2025-11-13T12:18:30,1763016510000,6,optimized,hybrid,202.60090131129462,225.39942131077783,245.19404290165403
2025-11-13T12:12:30,1763016150000,SENSEX,2025-11-13T12:19:30,1763016570000,7,optimized,hybrid,205.7864491905108,230.75108308114534,246.21207611117862
2025-11-13T12:12:30,1763016150000,SENSEX,2025-11-13T12:20:30,1763016630000,8,optimized,hybrid,212.05571008926935,231.08523706081905,245.52725670492174
2025-11-13T12:12:30,1763016150000,SENSEX,2025-11-13T12:21:30,1763016690000,9,optimized,hybrid,203.47798535380946,226.58038297577485,237.8936734518513
2025-11-13T12:12:30,1763016150000,SENSEX,2025-11-13T12:22:30,1763016750000,10,optimized,hybrid,205.31277177058843,228.89118430588832,243.59900502570613
2025-11-13T12:12:30,1763016150000,SENSEX,2025-11-13T12:23:30,1763016810000,11,optimized,hybrid,208.92097799389788,229.7818921145216,255.63034501281612
2025-11-13T12:12:30,1763016150000,SENSEX,2025-11-13T12:24:30,1763016870000,12,optimized,hybrid,212.04444146536417,222.6096871050969,246.98894357746883
2025-11-13T12:12:30,1763016150000,SENSEX,2025-11-13T12:25:30,1763016930000,13,optimized,hybrid,212.60026737121112,227.4818295589302,250.9479475188645
2025-11-13T12:12:30,1763016150000,SENSEX,2025-11-13T12:26:30,1763016990000,14,optimized,hybrid,210.7051024501966,228.6514367850918,251.56470747626025
2025-11-13T12:12:30,1763016150000,SENSEX,2025-11-13T12:27:30,1763017050000,15,optimized,hybrid,201.2470618654822,223.4208753628792,241.5265806248795
2025-11-13T12:12:30,1763016150000,SENSEX,2025-11-13T12:28:30,1763017110000,16,optimized,hybrid,215.0509489229562,226.4150631981139,249.1291225002388
2025-11-13T12:12:30,1763016150000,SENSEX,2025-11-13T12:29:30,1763017170000,17,optimized,hybrid,216.7421667754328,225.17873510157682,252.2434036613847
2025-11-13T12:12:30,1763016150000,SENSEX,2025-11-13T12:30:30,1763017230000,18,optimized,hybrid,210.71912916133604,220.3296473854357,265.19007142762763
2025-11-13T12:12:30,1763016150000,SENSEX,2025-11-13T12:31:30,1763017290000,19,optimized,hybrid,210.84276887279987,227.5867603873919,261.16224008340566
2025-11-13T12:12:30,1763016150000,SENSEX,2025-11-13T12:32:30,1763017350000,20,optimized,hybrid,207.46239126141046,228.29005428141232,262.98597123001855
2025-11-13T12:12:30,1763016150000,SENSEX,2025-11-13T12:33:30,1763017410000,21,optimized,hybrid,211.35876257177512,222.86896715898303,256.1578230540131
2025-11-13T12:12:30,1763016150000,SENSEX,2025-11-13T12:34:30,1763017470000,22,optimized,hybrid,217.7622500674187,227.437908586603,259.8320394725232
2025-11-13T12:12:30,1763016150000,SENSEX,2025-11-13T12:35:30,1763017530000,23,optimized,hybrid,219.41053425363557,227.51534518312485,258.22647137650404
2025-11-13T12:12:30,1763016150000,SENSEX,2025-11-13T12:36:30,1763017590000,24,optimized,hybrid,210.4321977723606,221.35748905764603,261.8172650415713
2025-11-13T12:12:30,1763016150000,SENSEX,2025-11-13T12:37:30,1763017650000,25,optimized,hybrid,213.94875469147752,225.7125809159656,261.66933441912676
2025-11-13T12:12:30,1763016150000,SENSEX,2025-11-13T12:38:30,1763017710000,26,optimized,hybrid,211.03731337729616,225.1380318889657,259.5636052127134
2025-11-13T12:12:30,1763016150000,SENSEX,2025-11-13T12:39:30,1763017770000,27,optimized,hybrid,209.76681844753958,221.9869444120351,259.0155512818078
2025-11-13T12:12:30,1763016150000,SENSEX,2025-11-13T12:40:30,1763017830000,28,optimized,hybrid,210.75054261083926,226.7466312396714,258.92687244947865
2025-11-13T12:12:30,1763016150000,SENSEX,2025-11-13T12:41:30,1763017890000,29,optimized,hybrid,207.68052121391622,229.52925130365657,255.31244333636607
2025-11-13T12:12:30,1763016150000,SENSEX,2025-11-13T12:42:30,1763017950000,30,optimized,hybrid,205.55247927855717,226.40262677579955,252.42056964198127
2025-11-13T12:12:30,1763016150000,SENSEX,2025-11-13T12:43:30,1763018010000,31,optimized,hybrid,213.29536716841395,230.1930490436214,256.7330809461604
2025-11-13T12:12:30,1763016150000,SENSEX,2025-11-13T12:44:30,1763018070000,32,optimized,hybrid,208.29850455476551,228.32997299547668,254.94883334679042
2025-11-13T12:12:30,1763016150000,SENSEX,2025-11-13T12:45:30,1763018130000,33,optimized,hybrid,198.0337954255193,226.0812420404818,246.56730494685058
2025-11-13T12:12:30,1763016150000,SENSEX,2025-11-13T12:46:30,1763018190000,34,optimized,hybrid,206.69840608486163,229.5815768164743,251.17587009145274
2025-11-13T12:12:30,1763016150000,SENSEX,2025-11-13T12:47:30,1763018250000,35,optimized,hybrid,204.92534680591558,228.53553173858108,246.51018534454286
2025-11-13T12:12:30,1763016150000,SENSEX,2025-11-13T12:48:30,1763018310000,36,optimized,hybrid,189.11284210612348,224.22798295621578,242.66188374154245
2025-11-13T12:12:30,1763016150000,SENSEX,2025-11-13T12:49:30,1763018370000,37,optimized,hybrid,209.51850410737208,229.76887714668095,248.39356497622038
2025-11-13T12:12:30,1763016150000,SENSEX,2025-11-13T12:50:30,1763018430000,38,optimized,hybrid,196.98587532962958,228.54626140295971,256.8450166994261
2025-11-13T12:12:30,1763016150000,SENSEX,2025-11-13T12:51:30,1763018490000,39,optimized,hybrid,188.15963068541907,224.7280980465597,242.73986786941143
2025-11-13T12:12:30,1763016150000,SENSEX,2025-11-13T12:52:30,1763018550000,40,optimized,hybrid,191.9171957605804,228.65684244111975,248.84783195354896
2025-11-13T12:12:30,1763016150000,SENSEX,2025-11-13T12:53:30,1763018610000,41,optimized,hybrid,210.45086714403013,227.5513929428917,250.9806128390262
2025-11-13T12:12:30,1763016150000,SENSEX,2025-11-13T12:54:30,1763018670000,42,optimized,hybrid,187.74035130586645,223.45531209196412,247.58819674851242
2025-11-13T12:12:30,1763016150000,SENSEX,2025-11-13T12:55:30,1763018730000,43,optimized,hybrid,207.1044811647299,227.95974390143425,254.23390893979004
2025-11-13T12:12:30,1763016150000,SENSEX,2025-11-13T12:56:30,1763018790000,44,optimized,hybrid,208.82439750703938,228.3465276082731,255.4817770013206
2025-11-13T12:12:30,1763016150000,SENSEX,2025-11-13T12:57:30,1763018850000,45,optimized,hybrid,190.20280796383827,221.65185551370922,243.14238834623674
2025-11-13T12:12:30,1763016150000,SENSEX,2025-11-13T12:58:30,1763018910000,46,optimized,hybrid,206.86252565928802,225.65384740138342,250.2624267026265
2025-11-13T12:12:30,1763016150000,SENSEX,2025-11-13T12:59:30,1763018970000,47,optimized,hybrid,199.34682653737755,224.6181572453752,260.6842238900978
2025-11-13T12:12:30,1763016150000,SENSEX,2025-11-13T13:00:30,1763019030000,48,optimized,hybrid,205.02677892370065,219.98469087511353,254.90661125456063
2025-11-13T12:12:30,1763016150000,SENSEX,2025-11-13T13:01:30,1763019090000,49,optimized,hybrid,207.9421884106264,222.80280285600998,250.1121277685194
2025-11-13T12:12:30,1763016150000,SENSEX,2025-11-13T13:02:30,1763019150000,50,optimized,hybrid,209.56029394297803,223.3029356051394,261.289681472061
2025-11-13T12:12:30,1763016150000,SENSEX,2025-11-13T13:03:30,1763019210000,51,optimized,hybrid,204.647700149604,219.297476607046,252.52947637263173
2025-11-13T12:12:30,1763016150000,SENSEX,2025-11-13T13:04:30,1763019270000,52,optimized,hybrid,202.82149705217506,223.19276006285753,248.01937157485358
2025-11-13T12:12:30,1763016150000,SENSEX,2025-11-13T13:05:30,1763019330000,53,optimized,hybrid,197.109235677695,223.458941366204,243.56050359274442
2025-11-13T12:12:30,1763016150000,SENSEX,2025-11-13T13:06:30,1763019390000,54,optimized,hybrid,193.06122681888613,219.7806381939236,245.48056170928217
2025-11-13T12:12:30,1763016150000,SENSEX,2025-11-13T13:07:30,1763019450000,55,optimized,hybrid,195.119198878083,224.67264344315657,249.03551546835786
2025-11-13T12:12:30,1763016150000,SENSEX,2025-11-13T13:08:30,1763019510000,56,optimized,hybrid,195.31707453444218,224.45976539265064,245.9536911491568
2025-11-13T12:12:30,1763016150000,SENSEX,2025-11-13T13:09:30,1763019570000,57,optimized,hybrid,186.9547467554304,220.12621480718008,241.411965125568
2025-11-13T12:12:30,1763016150000,SENSEX,2025-11-13T13:10:30,1763019630000,58,optimized,hybrid,193.43791448711036,224.71758481417362,249.48446576012327
2025-11-13T12:12:30,1763016150000,SENSEX,2025-11-13T13:11:30,1763019690000,59,optimized,hybrid,193.0946627246394,225.10032824050637,244.670160126873
2025-11-13T12:12:30,1763016150000,SENSEX,2025-11-13T13:12:30,1763019750000,60,optimized,hybrid,187.06435469838715,220.6168412314999,237.06925791947918
2025-11-13T12:13:00,1763016180000,SENSEX,2025-11-13T12:14:00,1763016240000,1,optimized,hybrid,208.65128823187993,229.8,248.15664832103826
2025-11-13T12:13:00,1763016180000,SENSEX,2025-11-13T12:15:00,1763016300000,2,optimized,hybrid,204.99390242717476,225.9878754851876,252.63171801226989
2025-11-13T12:13:00,1763016180000,SENSEX,2025-11-13T12:16:00,1763016360000,3,optimized,hybrid,216.3056352415758,229.90814488466918,251.89587900003036
2025-11-13T12:13:00,1763016180000,SENSEX,2025-11-13T12:17:00,1763016420000,4,optimized,hybrid,211.58387572876367,229.95352580465953,249.69693506225732
2025-11-13T12:13:00,1763016180000,SENSEX,2025-11-13T12:18:00,1763016480000,5,optimized,hybrid,203.54537246423646,225.58831391680286,240.71540723881083
2025-11-13T12:13:00,1763016180000,SENSEX,2025-11-13T12:19:00,1763016540000,6,optimized,hybrid,206.96967248445733,229.25592539808474,252.77294948511948
2025-11-13T12:13:00,1763016180000,SENSEX,2025-11-13T12:20:00,1763016600000,7,optimized,hybrid,204.92650756989784,229.53166651580244,245.39502013653353
2025-11-13T12:13:00,1763016180000,SENSEX,2025-11-13T12:21:00,1763016660000,8,optimized,hybrid,207.49489360796755,226.48492095419857,242.13094732765046
2025-11-13T12:13:00,1763016180000,SENSEX,2025-11-13T12:22:00,1763016720000,9,optimized,hybrid,207.15009546855708,230.5087178568844,241.70951130536625
2025-11-13T12:13:00,1763016180000,SENSEX,2025-11-13T12:23:00,1763016780000,10,optimized,hybrid,205.32306829327047,228.14058184690992,246.00382410971937
2025-11-13T12:13:00,1763016180000,SENSEX,2025-11-13T12:24:00,1763016840000,11,optimized,hybrid,203.98259216901002,224.7907499969226,251.42911980145587
2025-11-13T12:13:00,1763016180000,SENSEX,2025-11-13T12:25:00,1763016900000,12,optimized,hybrid,215.74203133306622,225.53205757681906,252.93592620526601
2025-11-13T12:13:00,1763016180000,SENSEX,2025-11-13T12:26:00,1763016960000,13,optimized,hybrid,212.2621434717443,226.9525755789183,250.89498756157303
2025-11-13T12:13:00,1763016180000,SENSEX,2025-11-13T12:27:00,1763017020000,14,optimized,hybrid,205.84114919307817,223.48164106236072,247.51709450753057
2025-11-13T12:13:00,1763016180000,SENSEX,2025-11-13T12:28:00,1763017080000,15,optimized,hybrid,205.4722883251751,227.0460928280658,249.4436418574626
2025-11-13T12:13:00,1763016180000,SENSEX,2025-11-13T12:29:00,1763017140000,16,optimized,hybrid,214.42013340926886,225.25235622882076,249.89534227589013
2025-11-13T12:13:00,1763016180000,SENSEX,2025-11-13T12:30:00,1763017200000,17,optimized,hybrid,212.07598815985625,220.21447183957622,247.7994232500473
2025-11-13T12:13:00,1763016180000,SENSEX,2025-11-13T12:31:00,1763017260000,18,optimized,hybrid,213.9742898748931,223.5436665369724,268.9536364556244
2025-11-13T12:13:00,1763016180000,SENSEX,2025-11-13T12:32:00,1763017320000,19,optimized,hybrid,210.48307877679397,227.30177892503207,261.6401521542336
2025-11-13T12:13:00,1763016180000,SENSEX,2025-11-13T12:33:00,1763017380000,20,optimized,hybrid,203.17465689397565,223.68335799313735,259.0790657526476
2025-11-13T12:13:00,1763016180000,SENSEX,2025-11-13T12:34:00,1763017440000,21,optimized,hybrid,215.1562011617377,226.33780229090263,260.21762550020617
2025-11-13T12:13:00,1763016180000,SENSEX,2025-11-13T12:35:00,1763017500000,22,optimized,hybrid,217.5038098275578,226.7039632284774,259.7592547554034
2025-11-13T12:13:00,1763016180000,SENSEX,2025-11-13T12:36:00,1763017560000,23,optimized,hybrid,214.44615016156405,222.49193302762654,253.77992594738006
2025-11-13T12:13:00,1763016180000,SENSEX,2025-11-13T12:37:00,1763017620000,24,optimized,hybrid,214.3117505645553,224.66896088997174,265.69490194405506
2025-11-13T12:13:00,1763016180000,SENSEX,2025-11-13T12:38:00,1763017680000,25,optimized,hybrid,213.32961885126468,225.05636143915348,261.3616318926225
2025-11-13T12:13:00,1763016180000,SENSEX,2025-11-13T12:39:00,1763017740000,26,optimized,hybrid,207.36435862842518,221.26128871389153,256.26706068039266
2025-11-13T12:13:00,1763016180000,SENSEX,2025-11-13T12:40:00,1763017800000,27,optimized,hybrid,213.794065793636,225.74112661904036,263.2310976775589
2025-11-13T12:13:00,1763016180000,SENSEX,2025-11-13T12:41:00,1763017860000,28,optimized,hybrid,210.56470420317243,225.9651397274626,262.5926148111878
2025-11-13T12:13:00,1763016180000,SENSEX,2025-11-13T12:42:00,1763017920000,29,optimized,hybrid,202.3902472632645,224.83710030444314,250.6672052740243
2025-11-13T12:13:00,1763016180000,SENSEX,2025-11-13T12:43:00,1763017980000,30,optimized,hybrid,209.33566782988873,230.02114020526164,253.56626881810215
2025-11-13T12:13:00,1763016180000,SENSEX,2025-11-13T12:44:00,1763018040000,31,optimized,hybrid,212.89360018143537,229.50488027137362,253.27147783787785
2025-11-13T12:13:00,1763016180000,SENSEX,2025-11-13T12:45:00,1763018100000,32,optimized,hybrid,203.3196676671074,223.52889548975566,250.03648235858734
2025-11-13T12:13:00,1763016180000,SENSEX,2025-11-13T12:46:00,1763018160000,33,optimized,hybrid,201.7723602258501,229.50299356628233,250.68091302658297
2025-11-13T12:13:00,1763016180000,SENSEX,2025-11-13T12:47:00,1763018220000,34,optimized,hybrid,205.00279953100306,227.77581566698876,250.56433607192452
2025-11-13T12:13:00,1763016180000,SENSEX,2025-11-13T12:48:00,1763018280000,35,optimized,hybrid,199.93062590194745,223.7595596450019,241.68124300515905
2025-11-13T12:13:00,1763016180000,SENSEX,2025-11-13T12:49:00,1763018340000,36,optimized,hybrid,195.23801912120703,229.15851770515837,249.46091458146788
2025-11-13T12:13:00,1763016180000,SENSEX,2025-11-13T12:50:00,1763018400000,37,optimized,hybrid,208.7389242042071,229.08507531273244,248.13100289922912
2025-11-13T12:13:00,1763016180000,SENSEX,2025-11-13T12:51:00,1763018460000,38,optimized,hybrid,192.8313399717308,223.68321417447618,257.2736645544076
2025-11-13T12:13:00,1763016180000,SENSEX,2025-11-13T12:52:00,1763018520000,39,optimized,hybrid,192.63172122736378,228.59020942425525,249.20145025742482
2025-11-13T12:13:00,1763016180000,SENSEX,2025-11-13T12:53:00,1763018580000,40,optimized,hybrid,192.30834738447027,228.0334976498736,249.50189729063825
2025-11-13T12:13:00,1763016180000,SENSEX,2025-11-13T12:54:00,1763018640000,41,optimized,hybrid,205.13206558520713,223.03433058104463,251.58155288296498
2025-11-13T12:13:00,1763016180000,SENSEX,2025-11-13T12:55:00,1763018700000,42,optimized,hybrid,191.58364810730913,227.50561141737444,255.2095941083827
2025-11-13T12:13:00,1763016180000,SENSEX,2025-11-13T12:56:00,1763018760000,43,optimized,hybrid,206.75281398034937,227.4705925241238,256.0924700197588
2025-11-13T12:13:00,1763016180000,SENSEX,2025-11-13T12:57:00,1763018820000,44,optimized,hybrid,203.9464964085104,223.2303773323447,253.65925267497983
2025-11-13T12:13:00,1763016180000,SENSEX,2025-11-13T12:58:00,1763018880000,45,optimized,hybrid,195.3451750781455,225.45540822858152,252.5808673700844
2025-11-13T12:13:00,1763016180000,SENSEX,2025-11-13T12:59:00,1763018940000,46,optimized,hybrid,204.84358916865483,223.4959691803404,253.57383307121137
2025-11-13T12:13:00,1763016180000,SENSEX,2025-11-13T13:00:00,1763019000000,47,optimized,hybrid,194.72876144602932,219.66447357478097,259.4666281792831
2025-11-13T12:13:00,1763016180000,SENSEX,2025-11-13T13:01:00,1763019060000,48,optimized,hybrid,208.79019731020887,223.31132975754605,264.1537523417578
2025-11-13T12:13:00,1763016180000,SENSEX,2025-11-13T13:02:00,1763019120000,49,optimized,hybrid,207.41970794545017,222.21295592535097,256.55417888021896
2025-11-13T12:13:00,1763016180000,SENSEX,2025-11-13T13:03:00,1763019180000,50,optimized,hybrid,204.41801900130997,218.18686033657053,259.1559828734727
2025-11-13T12:13:00,1763016180000,SENSEX,2025-11-13T13:04:00,1763019240000,51,optimized,hybrid,208.30428021345597,223.0139616958998,264.1496716586763
2025-11-13T12:13:00,1763016180000,SENSEX,2025-11-13T13:05:00,1763019300000,52,optimized,hybrid,202.53083083360008,222.34200819585277,252.77070287771454
2025-11-13T12:13:00,1763016180000,SENSEX,2025-11-13T13:06:00,1763019360000,53,optimized,hybrid,192.45413604536884,218.464063769078,245.8164936815104
2025-11-13T12:13:00,1763016180000,SENSEX,2025-11-13T13:07:00,1763019420000,54,optimized,hybrid,196.87063719500102,224.2173963407866,255.18092266205085
2025-11-13T12:13:00,1763016180000,SENSEX,2025-11-13T13:08:00,1763019480000,55,optimized,hybrid,194.59898729431853,224.12034809693534,254.20729172744674
2025-11-13T12:13:00,1763016180000,SENSEX,2025-11-13T13:09:00,1763019540000,56,optimized,hybrid,190.00444649094004,219.42792801914948,248.04844766662964
2025-11-13T12:13:00,1763016180000,SENSEX,2025-11-13T13:10:00,1763019600000,57,optimized,hybrid,190.7860143803717,224.11657446476084,251.58993941003473
2025-11-13T12:13:00,1763016180000,SENSEX,2025-11-13T13:11:00,1763019660000,58,optimized,hybrid,192.39335703261608,224.06659054131188,253.42366449495455
2025-11-13T12:13:00,1763016180000,SENSEX,2025-11-13T13:12:00,1763019720000,59,optimized,hybrid,188.91411799221808,219.98045193672652,246.78612892090797
2025-11-13T12:13:00,1763016180000,SENSEX,2025-11-13T13:13:00,1763019780000,60,optimized,hybrid,190.64262976021172,224.35092761339098,249.38697895845092
2025-11-13T12:13:00,1763016180000,SENSEX,2025-11-13T12:14:00,1763016240000,1,optimized,hybrid,207.75831803577253,229.05,247.54032190558524
2025-11-13T12:13:00,1763016180000,SENSEX,2025-11-13T12:15:00,1763016300000,2,optimized,hybrid,212.9164877395419,234.07685569281307,260.9277179252572
2025-11-13T12:13:00,1763016180000,SENSEX,2025-11-13T12:16:00,1763016360000,3,optimized,hybrid,219.89577262067203,233.6687402909751,255.76549977051084
2025-11-13T12:13:00,1763016180000,SENSEX,2025-11-13T12:17:00,1763016420000,4,optimized,hybrid,210.36638218761084,229.14540543031626,249.03527268659377
2025-11-13T12:13:00,1763016180000,SENSEX,2025-11-13T12:18:00,1763016480000,5,optimized,hybrid,211.33405717967162,233.9158592988565,249.15932773378233
2025-11-13T12:13:00,1763016180000,SENSEX,2025-11-13T12:19:00,1763016540000,6,optimized,hybrid,209.9492077344343,232.51007963994374,256.2867430425206
2025-11-13T12:13:00,1763016180000,SENSEX,2025-11-13T12:20:00,1763016600000,7,optimized,hybrid,204.52054907869783,229.2306357151843,245.35240951699265
2025-11-13T12:13:00,1763016180000,SENSEX,2025-11-13T12:21:00,1763016660000,8,optimized,hybrid,215.5370347735656,234.7149824820571,250.51078321224207
2025-11-13T12:13:00,1763016180000,SENSEX,2025-11-13T12:22:00,1763016720000,9,optimized,hybrid,210.85929306730847,234.24663048629503,245.69968644825445
2025-11-13T12:13:00,1763016180000,SENSEX,2025-11-13T12:23:00,1763016780000,10,optimized,hybrid,204.5343034239606,227.4866815299145,245.7375413728595
2025-11-13T12:13:00,1763016180000,SENSEX,2025-11-13T12:24:00,1763016840000,11,optimized,hybrid,211.4837026747958,232.46370636904908,259.3469595894199
2025-11-13T12:13:00,1763016180000,SENSEX,2025-11-13T12:25:00,1763016900000,12,optimized,hybrid,219.9415487748027,229.2056978783886,257.41381327584054
2025-11-13T12:13:00,1763016180000,SENSEX,2025-11-13T12:26:00,1763016960000,13,optimized,hybrid,211.52656567339693,226.19361539314986,250.46566855021504
2025-11-13T12:13:00,1763016180000,SENSEX,2025-11-13T12:27:00,1763017020000,14,optimized,hybrid,213.7286713891127,231.4672362353653,255.8180632145891
2025-11-13T12:13:00,1763016180000,SENSEX,2025-11-13T12:28:00,1763017080000,15,optimized,hybrid,208.39635897653892,230.47500759168662,253.0886838410885
2025-11-13T12:13:00,1763016180000,SENSEX,2025-11-13T12:29:00,1763017140000,16,optimized,hybrid,213.77022013588237,224.6389933448051,249.71633242908152
2025-11-13T12:13:00,1763016180000,SENSEX,2025-11-13T12:30:00,1763017200000,17,optimized,hybrid,219.56100959176152,227.8134082584388,255.63431907814135
2025-11-13T12:13:00,1763016180000,SENSEX,2025-11-13T12:31:00,1763017260000,18,optimized,hybrid,218.00470609252497,227.5951295292448,273.4375728692039
2025-11-13T12:13:00,1763016180000,SENSEX,2025-11-13T12:32:00,1763017320000,19,optimized,hybrid,210.11988229996007,227.06602795330798,261.81066853727714
2025-11-13T12:13:00,1763016180000,SENSEX,2025-11-13T12:33:00,1763017380000,20,optimized,hybrid,210.80422717446095,231.58153411017167,267.3138591381959
2025-11-13T12:13:00,1763016180000,SENSEX,2025-11-13T12:34:00,1763017440000,21,optimized,hybrid,218.68977379942217,230.01718430533174,264.2139826424511
2025-11-13T12:13:00,1763016180000,SENSEX,2025-11-13T12:35:00,1763017500000,22,optimized,hybrid,216.53746055059966,226.0993869962548,259.4894684113547
2025-11-13T12:13:00,1763016180000,SENSEX,2025-11-13T12:36:00,1763017560000,23,optimized,hybrid,222.1871588963907,230.2917891826291,261.92345131991055
2025-11-13T12:13:00,1763016180000,SENSEX,2025-11-13T12:37:00,1763017620000,24,optimized,hybrid,218.27344785283927,228.31929839477323,269.9062830029202
2025-11-13T12:13:00,1763016180000,SENSEX,2025-11-13T12:38:00,1763017680000,25,optimized,hybrid,213.8560650359184,225.5468839904387,262.22259893492804
2025-11-13T12:13:00,1763016180000,SENSEX,2025-11-13T12:39:00,1763017740000,26,optimized,hybrid,215.5424699303629,229.42576836460205,264.68486666871956
2025-11-13T12:13:00,1763016180000,SENSEX,2025-11-13T12:40:00,1763017800000,27,optimized,hybrid,217.4788565489813,229.3723386589469,267.1189040961653
2025-11-13T12:13:00,1763016180000,SENSEX,2025-11-13T12:41:00,1763017860000,28,optimized,hybrid,210.26123821307718,225.32335460825675,262.4730797609681
2025-11-13T12:13:00,1763016180000,SENSEX,2025-11-13T12:42:00,1763017920000,29,optimized,hybrid,210.52080551512933,232.49609302467582,259.172036120648
2025-11-13T12:13:00,1763016180000,SENSEX,2025-11-13T12:43:00,1763017980000,30,optimized,hybrid,212.93367977070537,233.54926174444074,257.4533003851776
2025-11-13T12:13:00,1763016180000,SENSEX,2025-11-13T12:44:00,1763018040000,31,optimized,hybrid,211.8869546696372,228.8366581342076,253.0656153003458
2025-11-13T12:13:00,1763016180000,SENSEX,2025-11-13T12:45:00,1763018100000,32,optimized,hybrid,211.25400051458737,231.13173721072127,258.2584126974557
2025-11-13T12:13:00,1763016180000,SENSEX,2025-11-13T12:46:00,1763018160000,33,optimized,hybrid,204.36442460821507,232.08278379720133,253.4380596057171
2025-11-13T12:13:00,1763016180000,SENSEX,2025-11-13T12:47:00,1763018220000,34,optimized,hybrid,204.43338175971166,227.29274281759905,250.27681610561532
2025-11-13T12:13:00,1763016180000,SENSEX,2025-11-13T12:48:00,1763018280000,35,optimized,hybrid,209.22640767805086,232.98831893220148,251.2471741213502
2025-11-13T12:13:00,1763016180000,SENSEX,2025-11-13T12:49:00,1763018340000,36,optimized,hybrid,199.16795357451298,232.82211486624487,253.31227744770027
2025-11-13T12:13:00,1763016180000,SENSEX,2025-11-13T12:50:00,1763018400000,37,optimized,hybrid,208.07192907114123,228.53059509028526,247.80178789492157
2025-11-13T12:13:00,1763016180000,SENSEX,2025-11-13T12:51:00,1763018460000,38,optimized,hybrid,201.26247235687876,231.85661114714202,265.77642967347265
2025-11-13T12:13:00,1763016180000,SENSEX,2025-11-13T12:52:00,1763018520000,39,optimized,hybrid,196.45478836107316,232.2855415619481,252.99070602171227
2025-11-13T12:13:00,1763016180000,SENSEX,2025-11-13T12:53:00,1763018580000,40,optimized,hybrid,192.00899761460474,227.41387437392785,249.06313742378916
2025-11-13T12:13:00,1763016180000,SENSEX,2025-11-13T12:54:00,1763018640000,41,optimized,hybrid,212.86575491755244,231.0439755402317,259.7634761715877
2025-11-13T12:13:00,1763016180000,SENSEX,2025-11-13T12:55:00,1763018700000,42,optimized,hybrid,195.5815137577575,231.339860689999,259.3117694622886
2025-11-13T12:13:00,1763016180000,SENSEX,2025-11-13T12:56:00,1763018760000,43,optimized,hybrid,205.81800549413325,226.6966028545266,255.62214208876438
2025-11-13T12:13:00,1763016180000,SENSEX,2025-11-13T12:57:00,1763018820000,44,optimized,hybrid,211.93907700924927,231.42145151159394,262.1126037835416
2025-11-13T12:13:00,1763016180000,SENSEX,2025-11-13T12:58:00,1763018880000,45,optimized,hybrid,197.86393611856343,227.6912430653785,254.99378550077483
2025-11-13T12:13:00,1763016180000,SENSEX,2025-11-13T12:59:00,1763018940000,46,optimized,hybrid,204.11269165926544,222.92240181848933,253.27492562461865
2025-11-13T12:13:00,1763016180000,SENSEX,2025-11-13T13:00:00,1763019000000,47,optimized,hybrid,201.93606311476628,227.40937760573064,267.46013434710255
2025-11-13T12:13:00,1763016180000,SENSEX,2025-11-13T13:01:00,1763019060000,48,optimized,hybrid,212.42003236977843,227.12745943987176,268.2438618560727
2025-11-13T12:13:00,1763016180000,SENSEX,2025-11-13T13:02:00,1763019120000,49,optimized,hybrid,206.69892869885612,221.48881255367394,256.0870520959447
2025-11-13T12:13:00,1763016180000,SENSEX,2025-11-13T13:03:00,1763019180000,50,optimized,hybrid,212.34451013892195,226.30231224904333,267.57685330784824
2025-11-13T12:13:00,1763016180000,SENSEX,2025-11-13T13:04:00,1763019240000,51,optimized,hybrid,211.79283153672662,226.56181788182943,267.98169154542654
2025-11-13T12:13:00,1763016180000,SENSEX,2025-11-13T13:05:00,1763019300000,52,optimized,hybrid,201.90968844429472,221.72883877243498,252.36532732482823
2025-11-13T12:13:00,1763016180000,SENSEX,2025-11-13T13:06:00,1763019360000,53,optimized,hybrid,200.40562410822804,226.8278987817003,254.30853273184653
2025-11-13T12:13:00,1763016180000,SENSEX,2025-11-13T13:07:00,1763019420000,54,optimized,hybrid,200.21402703796815,227.91478142824081,259.08177643376507
2025-11-13T12:13:00,1763016180000,SENSEX,2025-11-13T13:08:00,1763019480000,55,optimized,hybrid,193.39928502689946,223.43885358914673,253.72309841096722
2025-11-13T12:13:00,1763016180000,SENSEX,2025-11-13T13:09:00,1763019540000,56,optimized,hybrid,197.86619505914356,227.80799892534566,256.606552648964
2025-11-13T12:13:00,1763016180000,SENSEX,2025-11-13T13:10:00,1763019600000,57,optimized,hybrid,194.2403629540505,227.72692937127852,255.42728645789484
2025-11-13T12:13:00,1763016180000,SENSEX,2025-11-13T13:11:00,1763019660000,58,optimized,hybrid,190.94830188633753,223.31916735614323,252.84110577811495
2025-11-13T12:13:00,1763016180000,SENSEX,2025-11-13T13:12:00,1763019720000,59,optimized,hybrid,196.37480979179185,228.10020505420982,255.06528068245584
2025-11-13T12:13:00,1763016180000,SENSEX,2025-11-13T13:13:00,1763019780000,60,optimized,hybrid,193.96822359996003,228.00606462526952,253.1843072186119
2025-11-13T12:13:00,1763016180000,SENSEX,2025-11-13T12:14:00,1763016240000,1,optimized,hybrid,207.75831803577253,229.05,247.54032190558524
2025-11-13T12:13:00,1763016180000,SENSEX,2025-11-13T12:15:00,1763016300000,2,optimized,hybrid,212.9164877395419,234.07685569281307,260.9277179252572
2025-11-13T12:13:00,1763016180000,SENSEX,2025-11-13T12:16:00,1763016360000,3,optimized,hybrid,219.89577262067203,233.6687402909751,255.76549977051084
2025-11-13T12:13:00,1763016180000,SENSEX,2025-11-13T12:17:00,1763016420000,4,optimized,hybrid,210.36638218761084,229.14540543031626,249.03527268659377
2025-11-13T12:13:00,1763016180000,SENSEX,2025-11-13T12:18:00,1763016480000,5,optimized,hybrid,211.33405717967162,233.9158592988565,249.15932773378233
2025-11-13T12:13:00,1763016180000,SENSEX,2025-11-13T12:19:00,1763016540000,6,optimized,hybrid,209.9492077344343,232.51007963994374,256.2867430425206
2025-11-13T12:13:00,1763016180000,SENSEX,2025-11-13T12:20:00,1763016600000,7,optimized,hybrid,204.52054907869783,229.2306357151843,245.35240951699265
2025-11-13T12:13:00,1763016180000,SENSEX,2025-11-13T12:21:00,1763016660000,8,optimized,hybrid,215.5370347735656,234.7149824820571,250.51078321224207
2025-11-13T12:13:00,1763016180000,SENSEX,2025-11-13T12:22:00,1763016720000,9,optimized,hybrid,210.85929306730847,234.24663048629503,245.69968644825445
2025-11-13T12:13:00,1763016180000,SENSEX,2025-11-13T12:23:00,1763016780000,10,optimized,hybrid,204.5343034239606,227.4866815299145,245.7375413728595
2025-11-13T12:13:00,1763016180000,SENSEX,2025-11-13T12:24:00,1763016840000,11,optimized,hybrid,211.4837026747958,232.46370636904908,259.3469595894199
2025-11-13T12:13:00,1763016180000,SENSEX,2025-11-13T12:25:00,1763016900000,12,optimized,hybrid,219.9415487748027,229.2056978783886,257.41381327584054
2025-11-13T12:13:00,1763016180000,SENSEX,2025-11-13T12:26:00,1763016960000,13,optimized,hybrid,211.52656567339693,226.19361539314986,250.46566855021504
2025-11-13T12:13:00,1763016180000,SENSEX,2025-11-13T12:27:00,1763017020000,14,optimized,hybrid,213.7286713891127,231.4672362353653,255.8180632145891
2025-11-13T12:13:00,1763016180000,SENSEX,2025-11-13T12:28:00,1763017080000,15,optimized,hybrid,208.39635897653892,230.47500759168662,253.0886838410885
2025-11-13T12:13:00,1763016180000,SENSEX,2025-11-13T12:29:00,1763017140000,16,optimized,hybrid,213.77022013588237,224.6389933448051,249.71633242908152
2025-11-13T12:13:00,1763016180000,SENSEX,2025-11-13T12:30:00,1763017200000,17,optimized,hybrid,219.56100959176152,227.8134082584388,255.63431907814135
2025-11-13T12:13:00,1763016180000,SENSEX,2025-11-13T12:31:00,1763017260000,18,optimized,hybrid,218.00470609252497,227.5951295292448,273.4375728692039
2025-11-13T12:13:00,1763016180000,SENSEX,2025-11-13T12:32:00,1763017320000,19,optimized,hybrid,210.11988229996007,227.06602795330798,261.81066853727714
2025-11-13T12:13:00,1763016180000,SENSEX,2025-11-13T12:33:00,1763017380000,20,optimized,hybrid,210.80422717446095,231.58153411017167,267.3138591381959
2025-11-13T12:13:00,1763016180000,SENSEX,2025-11-13T12:34:00,1763017440000,21,optimized,hybrid,218.68977379942217,230.01718430533174,264.2139826424511
2025-11-13T12:13:00,1763016180000,SENSEX,2025-11-13T12:35:00,1763017500000,22,optimized,hybrid,216.53746055059966,226.0993869962548,259.4894684113547
2025-11-13T12:13:00,1763016180000,SENSEX,2025-11-13T12:36:00,1763017560000,23,optimized,hybrid,222.1871588963907,230.2917891826291,261.92345131991055
2025-11-13T12:13:00,1763016180000,SENSEX,2025-11-13T12:37:00,1763017620000,24,optimized,hybrid,218.27344785283927,228.31929839477323,269.9062830029202
2025-11-13T12:13:00,1763016180000,SENSEX,2025-11-13T12:38:00,1763017680000,25,optimized,hybrid,213.8560650359184,225.5468839904387,262.22259893492804
2025-11-13T12:13:00,1763016180000,SENSEX,2025-11-13T12:39:00,1763017740000,26,optimized,hybrid,215.5424699303629,229.42576836460205,264.68486666871956
2025-11-13T12:13:00,1763016180000,SENSEX,2025-11-13T12:40:00,1763017800000,27,optimized,hybrid,217.4788565489813,229.3723386589469,267.1189040961653
2025-11-13T12:13:00,1763016180000,SENSEX,2025-11-13T12:41:00,1763017860000,28,optimized,hybrid,210.26123821307718,225.32335460825675,262.4730797609681
2025-11-13T12:13:00,1763016180000,SENSEX,2025-11-13T12:42:00,1763017920000,29,optimized,hybrid,210.52080551512933,232.49609302467582,259.172036120648
2025-11-13T12:13:00,1763016180000,SENSEX,2025-11-13T12:43:00,1763017980000,30,optimized,hybrid,212.93367977070537,233.54926174444074,257.4533003851776
2025-11-13T12:13:00,1763016180000,SENSEX,2025-11-13T12:44:00,1763018040000,31,optimized,hybrid,211.8869546696372,228.8366581342076,253.0656153003458
2025-11-13T12:13:00,1763016180000,SENSEX,2025-11-13T12:45:00,1763018100000,32,optimized,hybrid,211.25400051458737,231.13173721072127,258.2584126974557
2025-11-13T12:13:00,1763016180000,SENSEX,2025-11-13T12:46:00,1763018160000,33,optimized,hybrid,204.36442460821507,232.08278379720133,253.4380596057171
2025-11-13T12:13:00,1763016180000,SENSEX,2025-11-13T12:47:00,1763018220000,34,optimized,hybrid,204.43338175971166,227.29274281759905,250.27681610561532
2025-11-13T12:13:00,1763016180000,SENSEX,2025-11-13T12:48:00,1763018280000,35,optimized,hybrid,209.22640767805086,232.98831893220148,251.2471741213502
2025-11-13T12:13:00,1763016180000,SENSEX,2025-11-13T12:49:00,1763018340000,36,optimized,hybrid,199.16795357451298,232.82211486624487,253.31227744770027
2025-11-13T12:13:00,1763016180000,SENSEX,2025-11-13T12:50:00,1763018400000,37,optimized,hybrid,208.07192907114123,228.53059509028526,247.80178789492157
2025-11-13T12:13:00,1763016180000,SENSEX,2025-11-13T12:51:00,1763018460000,38,optimized,hybrid,201.26247235687876,231.85661114714202,265.77642967347265
2025-11-13T12:13:00,1763016180000,SENSEX,2025-11-13T12:52:00,1763018520000,39,optimized,hybrid,196.45478836107316,232.2855415619481,252.99070602171227
2025-11-13T12:13:00,1763016180000,SENSEX,2025-11-13T12:53:00,1763018580000,40,optimized,hybrid,192.00899761460474,227.41387437392785,249.06313742378916
2025-11-13T12:13:00,1763016180000,SENSEX,2025-11-13T12:54:00,1763018640000,41,optimized,hybrid,212.86575491755244,231.0439755402317,259.7634761715877
2025-11-13T12:13:00,1763016180000,SENSEX,2025-11-13T12:55:00,1763018700000,42,optimized,hybrid,195.5815137577575,231.339860689999,259.3117694622886
2025-11-13T12:13:00,1763016180000,SENSEX,2025-11-13T12:56:00,1763018760000,43,optimized,hybrid,205.81800549413325,226.6966028545266,255.62214208876438
2025-11-13T12:13:00,1763016180000,SENSEX,2025-11-13T12:57:00,1763018820000,44,optimized,hybrid,211.93907700924927,231.42145151159394,262.1126037835416
2025-11-13T12:13:00,1763016180000,SENSEX,2025-11-13T12:58:00,1763018880000,45,optimized,hybrid,197.86393611856343,227.6912430653785,254.99378550077483
2025-11-13T12:13:00,1763016180000,SENSEX,2025-11-13T12:59:00,1763018940000,46,optimized,hybrid,204.11269165926544,222.92240181848933,253.27492562461865
2025-11-13T12:13:00,1763016180000,SENSEX,2025-11-13T13:00:00,1763019000000,47,optimized,hybrid,201.93606311476628,227.40937760573064,267.46013434710255
2025-11-13T12:13:00,1763016180000,SENSEX,2025-11-13T13:01:00,1763019060000,48,optimized,hybrid,212.42003236977843,227.12745943987176,268.2438618560727
2025-11-13T12:13:00,1763016180000,SENSEX,2025-11-13T13:02:00,1763019120000,49,optimized,hybrid,206.69892869885612,221.48881255367394,256.0870520959447
2025-11-13T12:13:00,1763016180000,SENSEX,2025-11-13T13:03:00,1763019180000,50,optimized,hybrid,212.34451013892195,226.30231224904333,267.57685330784824
2025-11-13T12:13:00,1763016180000,SENSEX,2025-11-13T13:04:00,1763019240000,51,optimized,hybrid,211.79283153672662,226.56181788182943,267.98169154542654
2025-11-13T12:13:00,1763016180000,SENSEX,2025-11-13T13:05:00,1763019300000,52,optimized,hybrid,201.90968844429472,221.72883877243498,252.36532732482823
2025-11-13T12:13:00,1763016180000,SENSEX,2025-11-13T13:06:00,1763019360000,53,optimized,hybrid,200.40562410822804,226.8278987817003,254.30853273184653
2025-11-13T12:13:00,1763016180000,SENSEX,2025-11-13T13:07:00,1763019420000,54,optimized,hybrid,200.21402703796815,227.91478142824081,259.08177643376507
2025-11-13T12:13:00,1763016180000,SENSEX,2025-11-13T13:08:00,1763019480000,55,optimized,hybrid,193.39928502689946,223.43885358914673,253.72309841096722
2025-11-13T12:13:00,1763016180000,SENSEX,2025-11-13T13:09:00,1763019540000,56,optimized,hybrid,197.86619505914356,227.80799892534566,256.606552648964
2025-11-13T12:13:00,1763016180000,SENSEX,2025-11-13T13:10:00,1763019600000,57,optimized,hybrid,194.2403629540505,227.72692937127852,255.42728645789484
2025-11-13T12:13:00,1763016180000,SENSEX,2025-11-13T13:11:00,1763019660000,58,optimized,hybrid,190.94830188633753,223.31916735614323,252.84110577811495
2025-11-13T12:13:00,1763016180000,SENSEX,2025-11-13T13:12:00,1763019720000,59,optimized,hybrid,196.37480979179185,228.10020505420982,255.06528068245584
2025-11-13T12:13:00,1763016180000,SENSEX,2025-11-13T13:13:00,1763019780000,60,optimized,hybrid,193.96822359996003,228.00606462526952,253.1843072186119
2025-11-13T12:13:30,1763016210000,SENSEX,2025-11-13T12:14:30,1763016270000,1,optimized,hybrid,206.32599862970486,227.75,246.4471072104764
2025-11-13T12:13:30,1763016210000,SENSEX,2025-11-13T12:15:30,1763016330000,2,optimized,hybrid,207.11108842546852,228.4516594732243,255.5171974221398
2025-11-13T12:13:30,1763016210000,SENSEX,2025-11-13T12:16:30,1763016390000,3,optimized,hybrid,209.55859166063715,223.47794180639988,245.74132326053385
2025-11-13T12:13:30,1763016210000,SENSEX,2025-11-13T12:17:30,1763016450000,4,optimized,hybrid,208.8064459739038,228.1110734902635,248.2430142384875
2025-11-13T12:13:30,1763016210000,SENSEX,2025-11-13T12:18:30,1763016510000,5,optimized,hybrid,204.57103852604945,227.83743030114294,243.17835642265868
2025-11-13T12:13:30,1763016210000,SENSEX,2025-11-13T12:19:30,1763016570000,6,optimized,hybrid,199.88186850508782,222.84664362579878,246.98190313661405
2025-11-13T12:13:30,1763016210000,SENSEX,2025-11-13T12:20:30,1763016630000,7,optimized,hybrid,203.18867409171156,227.98602655011263,244.45212904800442
2025-11-13T12:13:30,1763016210000,SENSEX,2025-11-13T12:21:30,1763016690000,8,optimized,hybrid,209.76839516391368,229.11820346598694,245.1845078491059
2025-11-13T12:13:30,1763016210000,SENSEX,2025-11-13T12:22:30,1763016750000,9,optimized,hybrid,200.80657733011412,224.2817294257482,236.0175297136864
2025-11-13T12:13:30,1763016210000,SENSEX,2025-11-13T12:23:30,1763016810000,10,optimized,hybrid,202.58249103436253,225.6158206153865,244.5382889111015
2025-11-13T12:13:30,1763016210000,SENSEX,2025-11-13T12:24:30,1763016870000,11,optimized,hybrid,206.0520128744227,226.86624857849125,254.4309535914976
2025-11-13T12:13:30,1763016210000,SENSEX,2025-11-13T12:25:30,1763016930000,12,optimized,hybrid,209.81219393223364,219.08711719735692,247.67424011031363
2025-11-13T12:13:30,1763016210000,SENSEX,2025-11-13T12:26:30,1763016990000,13,optimized,hybrid,210.1674442115147,224.7503051514576,249.50402802228916
2025-11-13T12:13:30,1763016210000,SENSEX,2025-11-13T12:27:30,1763017050000,14,optimized,hybrid,207.6159288833684,225.43135313493855,250.25213336021656
2025-11-13T12:13:30,1763016210000,SENSEX,2025-11-13T12:28:30,1763017110000,15,optimized,hybrid,198.02505783017415,220.49291691768997,243.68681697462142
2025-11-13T12:13:30,1763016210000,SENSEX,2025-11-13T12:29:30,1763017170000,16,optimized,hybrid,212.0041151340025,222.7003267769977,248.5219189737747
2025-11-13T12:13:30,1763016210000,SENSEX,2025-11-13T12:30:30,1763017230000,17,optimized,hybrid,214.2319316344305,222.46606318109167,250.62829982230747
2025-11-13T12:13:30,1763016210000,SENSEX,2025-11-13T12:31:30,1763017290000,18,optimized,hybrid,208.44987040190176,217.94590970752074,264.4877043728914
2025-11-13T12:13:30,1763016210000,SENSEX,2025-11-13T12:32:30,1763017350000,19,optimized,hybrid,208.59416845486865,225.51777251073236,261.0539568062815
2025-11-13T12:13:30,1763016210000,SENSEX,2025-11-13T12:33:30,1763017410000,20,optimized,hybrid,204.74620207947575,225.89435891004678,262.2286097794313
2025-11-13T12:13:30,1763016210000,SENSEX,2025-11-13T12:34:30,1763017470000,21,optimized,hybrid,208.40860355101168,220.02932518517866,254.73497269654257
2025-11-13T12:13:30,1763016210000,SENSEX,2025-11-13T12:35:30,1763017530000,22,optimized,hybrid,214.65124704916485,224.51580127589142,258.4723614216069
2025-11-13T12:13:30,1763016210000,SENSEX,2025-11-13T12:36:30,1763017590000,23,optimized,hybrid,216.57480762472719,224.63176946772995,256.84884301951735
2025-11-13T12:13:30,1763016210000,SENSEX,2025-11-13T12:37:30,1763017650000,24,optimized,hybrid,209.82755266268205,219.21511690011255,261.76303090827827
2025-11-13T12:13:30,1763016210000,SENSEX,2025-11-13T12:38:30,1763017710000,25,optimized,hybrid,212.60181306032905,224.3055747352497,261.41065091637773
2025-11-13T12:13:30,1763016210000,SENSEX,2025-11-13T12:39:30,1763017770000,26,optimized,hybrid,209.80355650126762,223.68445485899366,259.31502971958537
2025-11-13T12:13:30,1763016210000,SENSEX,2025-11-13T12:40:30,1763017830000,27,optimized,hybrid,207.6220639252631,219.4697631742747,257.58538529213655
2025-11-13T12:13:30,1763016210000,SENSEX,2025-11-13T12:41:30,1763017890000,28,optimized,hybrid,208.83354196839778,223.99328142907154,261.3601884952313
2025-11-13T12:13:30,1763016210000,SENSEX,2025-11-13T12:42:30,1763017950000,29,optimized,hybrid,205.3101236535759,226.07799634065435,254.5408776535108
2025-11-13T12:13:30,1763016210000,SENSEX,2025-11-13T12:43:30,1763018010000,30,optimized,hybrid,203.04125682587136,223.50581497384917,248.00347038175622
2025-11-13T12:13:30,1763016210000,SENSEX,2025-11-13T12:44:30,1763018070000,31,optimized,hybrid,209.9693738199399,227.08062305794238,252.0853096203091
2025-11-13T12:13:30,1763016210000,SENSEX,2025-11-13T12:45:30,1763018130000,32,optimized,hybrid,204.84576878031413,223.87817285685952,252.233627481461
2025-11-13T12:13:30,1763016210000,SENSEX,2025-11-13T12:46:30,1763018190000,33,optimized,hybrid,194.61484727687616,222.16916321631186,243.9042400228573
2025-11-13T12:13:30,1763016210000,SENSEX,2025-11-13T12:47:30,1763018250000,34,optimized,hybrid,204.42072943897017,227.08322637718123,250.63789750745173
2025-11-13T12:13:30,1763016210000,SENSEX,2025-11-13T12:48:30,1763018310000,35,optimized,hybrid,203.622659708203,227.0720999522166,245.99110431050184
2025-11-13T12:13:30,1763016210000,SENSEX,2025-11-13T12:49:30,1763018370000,36,optimized,hybrid,189.61525206055774,222.90668708891423,243.7040695336161
2025-11-13T12:13:30,1763016210000,SENSEX,2025-11-13T12:50:30,1763018430000,37,optimized,hybrid,206.81687510303513,227.29516103364608,246.9760815987011
2025-11-13T12:13:30,1763016210000,SENSEX,2025-11-13T12:51:30,1763018490000,38,optimized,hybrid,195.94516362523234,226.06252297741815,260.5350375442854
2025-11-13T12:13:30,1763016210000,SENSEX,2025-11-13T12:52:30,1763018550000,39,optimized,hybrid,186.6856481705961,222.2748449699227,243.12440008887526
2025-11-13T12:13:30,1763016210000,SENSEX,2025-11-13T12:53:30,1763018610000,40,optimized,hybrid,191.0497560578824,225.91263827481316,247.89885287240156
2025-11-13T12:13:30,1763016210000,SENSEX,2025-11-13T12:54:30,1763018670000,41,optimized,hybrid,207.02622156111553,225.55667018325204,254.50502303563349
2025-11-13T12:13:30,1763016210000,SENSEX,2025-11-13T12:55:30,1763018730000,42,optimized,hybrid,185.69050113871626,221.17053113629407,249.57932588430842
2025-11-13T12:13:30,1763016210000,SENSEX,2025-11-13T12:56:30,1763018790000,43,optimized,hybrid,204.40151569040785,225.42016801691744,254.86147614827067
2025-11-13T12:13:30,1763016210000,SENSEX,2025-11-13T12:57:30,1763018850000,44,optimized,hybrid,204.47792140611435,224.23822772245722,255.2892811676492
2025-11-13T12:13:30,1763016210000,SENSEX,2025-11-13T12:58:30,1763018910000,45,optimized,hybrid,188.29876165395342,217.78379128126335,245.32708903988492
2025-11-13T12:13:30,1763016210000,SENSEX,2025-11-13T12:59:30,1763018970000,46,optimized,hybrid,202.2016311010283,221.21249098869083,252.011327455621
2025-11-13T12:13:30,1763016210000,SENSEX,2025-11-13T13:00:30,1763019030000,47,optimized,hybrid,195.73043016332974,221.86982401747736,262.22465315494605
2025-11-13T12:13:30,1763016210000,SENSEX,2025-11-13T13:01:30,1763019090000,48,optimized,hybrid,201.78207570536475,217.04923457939503,258.49513875646306
2025-11-13T12:13:30,1763016210000,SENSEX,2025-11-13T13:02:30,1763019150000,49,optimized,hybrid,205.39832947146397,220.2406722607593,255.12609453621587
2025-11-13T12:13:30,1763016210000,SENSEX,2025-11-13T13:03:30,1763019210000,50,optimized,hybrid,206.2728183890705,220.49482366744246,262.12846503303433
2025-11-13T12:13:30,1763016210000,SENSEX,2025-11-13T13:04:30,1763019270000,51,optimized,hybrid,201.71387007348724,216.61097312080778,258.28276585133233
2025-11-13T12:13:30,1763016210000,SENSEX,2025-11-13T13:05:30,1763019330000,52,optimized,hybrid,200.79148611212415,220.7242511686204,251.45875998785863
2025-11-13T12:13:30,1763016210000,SENSEX,2025-11-13T13:06:30,1763019390000,53,optimized,hybrid,194.1846792909107,221.16128641788515,248.66078462159422
2025-11-13T12:13:30,1763016210000,SENSEX,2025-11-13T13:07:30,1763019450000,54,optimized,hybrid,189.64104208584405,217.89082031960544,249.18953143345175
2025-11-13T12:13:30,1763016210000,SENSEX,2025-11-13T13:08:30,1763019510000,55,optimized,hybrid,191.71181315840465,222.47299064134216,252.95838370099972
2025-11-13T12:13:30,1763016210000,SENSEX,2025-11-13T13:09:30,1763019570000,56,optimized,hybrid,191.46352605619393,222.09789932624165,251.1283894398942
2025-11-13T12:13:30,1763016210000,SENSEX,2025-11-13T13:10:30,1763019630000,57,optimized,hybrid,183.6270720512182,217.72006689267778,245.27206488071624
2025-11-13T12:13:30,1763016210000,SENSEX,2025-11-13T13:11:30,1763019690000,58,optimized,hybrid,188.730219390811,222.08737805824882,251.70808214996921
2025-11-13T12:13:30,1763016210000,SENSEX,2025-11-13T13:12:30,1763019750000,59,optimized,hybrid,189.76949724513875,222.39996700159213,249.55437477119503
2025-11-13T12:13:30,1763016210000,SENSEX,2025-11-13T13:13:30,1763019810000,60,optimized,hybrid,183.47016608440782,217.93698252977362,243.29474248834708
2025-11-13T12:13:30,1763016210000,SENSEX,2025-11-13T12:14:30,1763016270000,1,optimized,hybrid,206.32599862970486,227.75,246.4471072104764
2025-11-13T12:13:30,1763016210000,SENSEX,2025-11-13T12:15:30,1763016330000,2,optimized,hybrid,207.11108842546852,228.4516594732243,255.5171974221398
2025-11-13T12:13:30,1763016210000,SENSEX,2025-11-13T12:16:30,1763016390000,3,optimized,hybrid,209.55859166063715,223.47794180639988,245.74132326053385
2025-11-13T12:13:30,1763016210000,SENSEX,2025-11-13T12:17:30,1763016450000,4,optimized,hybrid,208.8064459739038,228.1110734902635,248.2430142384875
2025-11-13T12:13:30,1763016210000,SENSEX,2025-11-13T12:18:30,1763016510000,5,optimized,hybrid,204.57103852604945,227.83743030114294,243.17835642265868
2025-11-13T12:13:30,1763016210000,SENSEX,2025-11-13T12:19:30,1763016570000,6,optimized,hybrid,199.88186850508782,222.84664362579878,246.98190313661405
2025-11-13T12:13:30,1763016210000,SENSEX,2025-11-13T12:20:30,1763016630000,7,optimized,hybrid,203.18867409171156,227.98602655011263,244.45212904800442
2025-11-13T12:13:30,1763016210000,SENSEX,2025-11-13T12:21:30,1763016690000,8,optimized,hybrid,209.76839516391368,229.11820346598694,245.1845078491059
2025-11-13T12:13:30,1763016210000,SENSEX,2025-11-13T12:22:30,1763016750000,9,optimized,hybrid,200.80657733011412,224.2817294257482,236.0175297136864
2025-11-13T12:13:30,1763016210000,SENSEX,2025-11-13T12:23:30,1763016810000,10,optimized,hybrid,202.58249103436253,225.6158206153865,244.5382889111015
2025-11-13T12:13:30,1763016210000,SENSEX,2025-11-13T12:24:30,1763016870000,11,optimized,hybrid,206.0520128744227,226.86624857849125,254.4309535914976
2025-11-13T12:13:30,1763016210000,SENSEX,2025-11-13T12:25:30,1763016930000,12,optimized,hybrid,209.81219393223364,219.08711719735692,247.67424011031363
2025-11-13T12:13:30,1763016210000,SENSEX,2025-11-13T12:26:30,1763016990000,13,optimized,hybrid,210.1674442115147,224.7503051514576,249.50402802228916
2025-11-13T12:13:30,1763016210000,SENSEX,2025-11-13T12:27:30,1763017050000,14,optimized,hybrid,207.6159288833684,225.43135313493855,250.25213336021656
2025-11-13T12:13:30,1763016210000,SENSEX,2025-11-13T12:28:30,1763017110000,15,optimized,hybrid,198.02505783017415,220.49291691768997,243.68681697462142
2025-11-13T12:13:30,1763016210000,SENSEX,2025-11-13T12:29:30,1763017170000,16,optimized,hybrid,212.0041151340025,222.7003267769977,248.5219189737747
2025-11-13T12:13:30,1763016210000,SENSEX,2025-11-13T12:30:30,1763017230000,17,optimized,hybrid,214.2319316344305,222.46606318109167,250.62829982230747
2025-11-13T12:13:30,1763016210000,SENSEX,2025-11-13T12:31:30,1763017290000,18,optimized,hybrid,208.44987040190176,217.94590970752074,264.4877043728914
2025-11-13T12:13:30,1763016210000,SENSEX,2025-11-13T12:32:30,1763017350000,19,optimized,hybrid,208.59416845486865,225.51777251073236,261.0539568062815
2025-11-13T12:13:30,1763016210000,SENSEX,2025-11-13T12:33:30,1763017410000,20,optimized,hybrid,204.74620207947575,225.89435891004678,262.2286097794313
2025-11-13T12:13:30,1763016210000,SENSEX,2025-11-13T12:34:30,1763017470000,21,optimized,hybrid,208.40860355101168,220.02932518517866,254.73497269654257
2025-11-13T12:13:30,1763016210000,SENSEX,2025-11-13T12:35:30,1763017530000,22,optimized,hybrid,214.65124704916485,224.51580127589142,258.4723614216069
2025-11-13T12:13:30,1763016210000,SENSEX,2025-11-13T12:36:30,1763017590000,23,optimized,hybrid,216.57480762472719,224.63176946772995,256.84884301951735
2025-11-13T12:13:30,1763016210000,SENSEX,2025-11-13T12:37:30,1763017650000,24,optimized,hybrid,209.82755266268205,219.21511690011255,261.76303090827827
2025-11-13T12:13:30,1763016210000,SENSEX,2025-11-13T12:38:30,1763017710000,25,optimized,hybrid,212.60181306032905,224.3055747352497,261.41065091637773
2025-11-13T12:13:30,1763016210000,SENSEX,2025-11-13T12:39:30,1763017770000,26,optimized,hybrid,209.80355650126762,223.68445485899366,259.31502971958537
2025-11-13T12:13:30,1763016210000,SENSEX,2025-11-13T12:40:30,1763017830000,27,optimized,hybrid,207.6220639252631,219.4697631742747,257.58538529213655
2025-11-13T12:13:30,1763016210000,SENSEX,2025-11-13T12:41:30,1763017890000,28,optimized,hybrid,208.83354196839778,223.99328142907154,261.3601884952313
2025-11-13T12:13:30,1763016210000,SENSEX,2025-11-13T12:42:30,1763017950000,29,optimized,hybrid,205.3101236535759,226.07799634065435,254.5408776535108
2025-11-13T12:13:30,1763016210000,SENSEX,2025-11-13T12:43:30,1763018010000,30,optimized,hybrid,203.04125682587136,223.50581497384917,248.00347038175622
2025-11-13T12:13:30,1763016210000,SENSEX,2025-11-13T12:44:30,1763018070000,31,optimized,hybrid,209.9693738199399,227.08062305794238,252.0853096203091
2025-11-13T12:13:30,1763016210000,SENSEX,2025-11-13T12:45:30,1763018130000,32,optimized,hybrid,204.84576878031413,223.87817285685952,252.233627481461
2025-11-13T12:13:30,1763016210000,SENSEX,2025-11-13T12:46:30,1763018190000,33,optimized,hybrid,194.61484727687616,222.16916321631186,243.9042400228573
2025-11-13T12:13:30,1763016210000,SENSEX,2025-11-13T12:47:30,1763018250000,34,optimized,hybrid,204.42072943897017,227.08322637718123,250.63789750745173
2025-11-13T12:13:30,1763016210000,SENSEX,2025-11-13T12:48:30,1763018310000,35,optimized,hybrid,203.622659708203,227.0720999522166,245.99110431050184
2025-11-13T12:13:30,1763016210000,SENSEX,2025-11-13T12:49:30,1763018370000,36,optimized,hybrid,189.61525206055774,222.90668708891423,243.7040695336161
2025-11-13T12:13:30,1763016210000,SENSEX,2025-11-13T12:50:30,1763018430000,37,optimized,hybrid,206.81687510303513,227.29516103364608,246.9760815987011
2025-11-13T12:13:30,1763016210000,SENSEX,2025-11-13T12:51:30,1763018490000,38,optimized,hybrid,195.94516362523234,226.06252297741815,260.5350375442854
2025-11-13T12:13:30,1763016210000,SENSEX,2025-11-13T12:52:30,1763018550000,39,optimized,hybrid,186.6856481705961,222.2748449699227,243.12440008887526
2025-11-13T12:13:30,1763016210000,SENSEX,2025-11-13T12:53:30,1763018610000,40,optimized,hybrid,191.0497560578824,225.91263827481316,247.89885287240156
2025-11-13T12:13:30,1763016210000,SENSEX,2025-11-13T12:54:30,1763018670000,41,optimized,hybrid,207.02622156111553,225.55667018325204,254.50502303563349
2025-11-13T12:13:30,1763016210000,SENSEX,2025-11-13T12:55:30,1763018730000,42,optimized,hybrid,185.69050113871626,221.17053113629407,249.57932588430842
2025-11-13T12:13:30,1763016210000,SENSEX,2025-11-13T12:56:30,1763018790000,43,optimized,hybrid,204.40151569040785,225.42016801691744,254.86147614827067
2025-11-13T12:13:30,1763016210000,SENSEX,2025-11-13T12:57:30,1763018850000,44,optimized,hybrid,204.47792140611435,224.23822772245722,255.2892811676492
2025-11-13T12:13:30,1763016210000,SENSEX,2025-11-13T12:58:30,1763018910000,45,optimized,hybrid,188.29876165395342,217.78379128126335,245.32708903988492
2025-11-13T12:13:30,1763016210000,SENSEX,2025-11-13T12:59:30,1763018970000,46,optimized,hybrid,202.2016311010283,221.21249098869083,252.011327455621
2025-11-13T12:13:30,1763016210000,SENSEX,2025-11-13T13:00:30,1763019030000,47,optimized,hybrid,195.73043016332974,221.86982401747736,262.22465315494605
2025-11-13T12:13:30,1763016210000,SENSEX,2025-11-13T13:01:30,1763019090000,48,optimized,hybrid,201.78207570536475,217.04923457939503,258.49513875646306
2025-11-13T12:13:30,1763016210000,SENSEX,2025-11-13T13:02:30,1763019150000,49,optimized,hybrid,205.39832947146397,220.2406722607593,255.12609453621587
2025-11-13T12:13:30,1763016210000,SENSEX,2025-11-13T13:03:30,1763019210000,50,optimized,hybrid,206.2728183890705,220.49482366744246,262.12846503303433
2025-11-13T12:13:30,1763016210000,SENSEX,2025-11-13T13:04:30,1763019270000,51,optimized,hybrid,201.71387007348724,216.61097312080778,258.28276585133233
2025-11-13T12:13:30,1763016210000,SENSEX,2025-11-13T13:05:30,1763019330000,52,optimized,hybrid,200.79148611212415,220.7242511686204,251.45875998785863
2025-11-13T12:13:30,1763016210000,SENSEX,2025-11-13T13:06:30,1763019390000,53,optimized,hybrid,194.1846792909107,221.16128641788515,248.66078462159422
2025-11-13T12:13:30,1763016210000,SENSEX,2025-11-13T13:07:30,1763019450000,54,optimized,hybrid,189.64104208584405,217.89082031960544,249.18953143345175
2025-11-13T12:13:30,1763016210000,SENSEX,2025-11-13T13:08:30,1763019510000,55,optimized,hybrid,191.71181315840465,222.47299064134216,252.95838370099972
2025-11-13T12:13:30,1763016210000,SENSEX,2025-11-13T13:09:30,1763019570000,56,optimized,hybrid,191.46352605619393,222.09789932624165,251.1283894398942
2025-11-13T12:13:30,1763016210000,SENSEX,2025-11-13T13:10:30,1763019630000,57,optimized,hybrid,183.6270720512182,217.72006689267778,245.27206488071624
2025-11-13T12:13:30,1763016210000,SENSEX,2025-11-13T13:11:30,1763019690000,58,optimized,hybrid,188.730219390811,222.08737805824882,251.70808214996921
2025-11-13T12:13:30,1763016210000,SENSEX,2025-11-13T13:12:30,1763019750000,59,optimized,hybrid,189.76949724513875,222.39996700159213,249.55437477119503
2025-11-13T12:13:30,1763016210000,SENSEX,2025-11-13T13:13:30,1763019810000,60,optimized,hybrid,183.47016608440782,217.93698252977362,243.29474248834708
2025-11-13T12:13:30,1763016210000,SENSEX,2025-11-13T12:14:30,1763016270000,1,optimized,hybrid,206.32599862970486,227.75,246.4471072104764
2025-11-13T12:13:30,1763016210000,SENSEX,2025-11-13T12:15:30,1763016330000,2,optimized,hybrid,207.11108842546852,228.4516594732243,255.5171974221398
2025-11-13T12:13:30,1763016210000,SENSEX,2025-11-13T12:16:30,1763016390000,3,optimized,hybrid,209.55859166063715,223.47794180639988,245.74132326053385
2025-11-13T12:13:30,1763016210000,SENSEX,2025-11-13T12:17:30,1763016450000,4,optimized,hybrid,208.8064459739038,228.1110734902635,248.2430142384875
2025-11-13T12:13:30,1763016210000,SENSEX,2025-11-13T12:18:30,1763016510000,5,optimized,hybrid,204.57103852604945,227.83743030114294,243.17835642265868
2025-11-13T12:13:30,1763016210000,SENSEX,2025-11-13T12:19:30,1763016570000,6,optimized,hybrid,199.88186850508782,222.84664362579878,246.98190313661405
2025-11-13T12:13:30,1763016210000,SENSEX,2025-11-13T12:20:30,1763016630000,7,optimized,hybrid,203.18867409171156,227.98602655011263,244.45212904800442
2025-11-13T12:13:30,1763016210000,SENSEX,2025-11-13T12:21:30,1763016690000,8,optimized,hybrid,209.76839516391368,229.11820346598694,245.1845078491059
2025-11-13T12:13:30,1763016210000,SENSEX,2025-11-13T12:22:30,1763016750000,9,optimized,hybrid,200.80657733011412,224.2817294257482,236.0175297136864
2025-11-13T12:13:30,1763016210000,SENSEX,2025-11-13T12:23:30,1763016810000,10,optimized,hybrid,202.58249103436253,225.6158206153865,244.5382889111015
2025-11-13T12:13:30,1763016210000,SENSEX,2025-11-13T12:24:30,1763016870000,11,optimized,hybrid,206.0520128744227,226.86624857849125,254.4309535914976
2025-11-13T12:13:30,1763016210000,SENSEX,2025-11-13T12:25:30,1763016930000,12,optimized,hybrid,209.81219393223364,219.08711719735692,247.67424011031363
2025-11-13T12:13:30,1763016210000,SENSEX,2025-11-13T12:26:30,1763016990000,13,optimized,hybrid,210.1674442115147,224.7503051514576,249.50402802228916
2025-11-13T12:13:30,1763016210000,SENSEX,2025-11-13T12:27:30,1763017050000,14,optimized,hybrid,207.6159288833684,225.43135313493855,250.25213336021656
2025-11-13T12:13:30,1763016210000,SENSEX,2025-11-13T12:28:30,1763017110000,15,optimized,hybrid,198.02505783017415,220.49291691768997,243.68681697462142
2025-11-13T12:13:30,1763016210000,SENSEX,2025-11-13T12:29:30,1763017170000,16,optimized,hybrid,212.0041151340025,222.7003267769977,248.5219189737747
2025-11-13T12:13:30,1763016210000,SENSEX,2025-11-13T12:30:30,1763017230000,17,optimized,hybrid,214.2319316344305,222.46606318109167,250.62829982230747
2025-11-13T12:13:30,1763016210000,SENSEX,2025-11-13T12:31:30,1763017290000,18,optimized,hybrid,208.44987040190176,217.94590970752074,264.4877043728914
2025-11-13T12:13:30,1763016210000,SENSEX,2025-11-13T12:32:30,1763017350000,19,optimized,hybrid,208.59416845486865,225.51777251073236,261.0539568062815
2025-11-13T12:13:30,1763016210000,SENSEX,2025-11-13T12:33:30,1763017410000,20,optimized,hybrid,204.74620207947575,225.89435891004678,262.2286097794313
2025-11-13T12:13:30,1763016210000,SENSEX,2025-11-13T12:34:30,1763017470000,21,optimized,hybrid,208.40860355101168,220.02932518517866,254.73497269654257
2025-11-13T12:13:30,1763016210000,SENSEX,2025-11-13T12:35:30,1763017530000,22,optimized,hybrid,214.65124704916485,224.51580127589142,258.4723614216069
2025-11-13T12:13:30,1763016210000,SENSEX,2025-11-13T12:36:30,1763017590000,23,optimized,hybrid,216.57480762472719,224.63176946772995,256.84884301951735
2025-11-13T12:13:30,1763016210000,SENSEX,2025-11-13T12:37:30,1763017650000,24,optimized,hybrid,209.82755266268205,219.21511690011255,261.76303090827827
2025-11-13T12:13:30,1763016210000,SENSEX,2025-11-13T12:38:30,1763017710000,25,optimized,hybrid,212.60181306032905,224.3055747352497,261.41065091637773
2025-11-13T12:13:30,1763016210000,SENSEX,2025-11-13T12:39:30,1763017770000,26,optimized,hybrid,209.80355650126762,223.68445485899366,259.31502971958537
2025-11-13T12:13:30,1763016210000,SENSEX,2025-11-13T12:40:30,1763017830000,27,optimized,hybrid,207.6220639252631,219.4697631742747,257.58538529213655
2025-11-13T12:13:30,1763016210000,SENSEX,2025-11-13T12:41:30,1763017890000,28,optimized,hybrid,208.83354196839778,223.99328142907154,261.3601884952313
2025-11-13T12:13:30,1763016210000,SENSEX,2025-11-13T12:42:30,1763017950000,29,optimized,hybrid,205.3101236535759,226.07799634065435,254.5408776535108
2025-11-13T12:13:30,1763016210000,SENSEX,2025-11-13T12:43:30,1763018010000,30,optimized,hybrid,203.04125682587136,223.50581497384917,248.00347038175622
2025-11-13T12:13:30,1763016210000,SENSEX,2025-11-13T12:44:30,1763018070000,31,optimized,hybrid,209.9693738199399,227.08062305794238,252.0853096203091
2025-11-13T12:13:30,1763016210000,SENSEX,2025-11-13T12:45:30,1763018130000,32,optimized,hybrid,204.84576878031413,223.87817285685952,252.233627481461
2025-11-13T12:13:30,1763016210000,SENSEX,2025-11-13T12:46:30,1763018190000,33,optimized,hybrid,194.61484727687616,222.16916321631186,243.9042400228573
2025-11-13T12:13:30,1763016210000,SENSEX,2025-11-13T12:47:30,1763018250000,34,optimized,hybrid,204.42072943897017,227.08322637718123,250.63789750745173
2025-11-13T12:13:30,1763016210000,SENSEX,2025-11-13T12:48:30,1763018310000,35,optimized,hybrid,203.622659708203,227.0720999522166,245.99110431050184
2025-11-13T12:13:30,1763016210000,SENSEX,2025-11-13T12:49:30,1763018370000,36,optimized,hybrid,189.61525206055774,222.90668708891423,243.7040695336161
2025-11-13T12:13:30,1763016210000,SENSEX,2025-11-13T12:50:30,1763018430000,37,optimized,hybrid,206.81687510303513,227.29516103364608,246.9760815987011
2025-11-13T12:13:30,1763016210000,SENSEX,2025-11-13T12:51:30,1763018490000,38,optimized,hybrid,195.94516362523234,226.06252297741815,260.5350375442854
2025-11-13T12:13:30,1763016210000,SENSEX,2025-11-13T12:52:30,1763018550000,39,optimized,hybrid,186.6856481705961,222.2748449699227,243.12440008887526
2025-11-13T12:13:30,1763016210000,SENSEX,2025-11-13T12:53:30,1763018610000,40,optimized,hybrid,191.0497560578824,225.91263827481316,247.89885287240156
2025-11-13T12:13:30,1763016210000,SENSEX,2025-11-13T12:54:30,1763018670000,41,optimized,hybrid,207.02622156111553,225.55667018325204,254.50502303563349
2025-11-13T12:13:30,1763016210000,SENSEX,2025-11-13T12:55:30,1763018730000,42,optimized,hybrid,185.69050113871626,221.17053113629407,249.57932588430842
2025-11-13T12:13:30,1763016210000,SENSEX,2025-11-13T12:56:30,1763018790000,43,optimized,hybrid,204.40151569040785,225.42016801691744,254.86147614827067
2025-11-13T12:13:30,1763016210000,SENSEX,2025-11-13T12:57:30,1763018850000,44,optimized,hybrid,204.47792140611435,224.23822772245722,255.2892811676492
2025-11-13T12:13:30,1763016210000,SENSEX,2025-11-13T12:58:30,1763018910000,45,optimized,hybrid,188.29876165395342,217.78379128126335,245.32708903988492
2025-11-13T12:13:30,1763016210000,SENSEX,2025-11-13T12:59:30,1763018970000,46,optimized,hybrid,202.2016311010283,221.21249098869083,252.011327455621
2025-11-13T12:13:30,1763016210000,SENSEX,2025-11-13T13:00:30,1763019030000,47,optimized,hybrid,195.73043016332974,221.86982401747736,262.22465315494605
2025-11-13T12:13:30,1763016210000,SENSEX,2025-11-13T13:01:30,1763019090000,48,optimized,hybrid,201.78207570536475,217.04923457939503,258.49513875646306
2025-11-13T12:13:30,1763016210000,SENSEX,2025-11-13T13:02:30,1763019150000,49,optimized,hybrid,205.39832947146397,220.2406722607593,255.12609453621587
2025-11-13T12:13:30,1763016210000,SENSEX,2025-11-13T13:03:30,1763019210000,50,optimized,hybrid,206.2728183890705,220.49482366744246,262.12846503303433
2025-11-13T12:13:30,1763016210000,SENSEX,2025-11-13T13:04:30,1763019270000,51,optimized,hybrid,201.71387007348724,216.61097312080778,258.28276585133233
2025-11-13T12:13:30,1763016210000,SENSEX,2025-11-13T13:05:30,1763019330000,52,optimized,hybrid,200.79148611212415,220.7242511686204,251.45875998785863
2025-11-13T12:13:30,1763016210000,SENSEX,2025-11-13T13:06:30,1763019390000,53,optimized,hybrid,194.1846792909107,221.16128641788515,248.66078462159422
2025-11-13T12:13:30,1763016210000,SENSEX,2025-11-13T13:07:30,1763019450000,54,optimized,hybrid,189.64104208584405,217.89082031960544,249.18953143345175
2025-11-13T12:13:30,1763016210000,SENSEX,2025-11-13T13:08:30,1763019510000,55,optimized,hybrid,191.71181315840465,222.47299064134216,252.95838370099972
2025-11-13T12:13:30,1763016210000,SENSEX,2025-11-13T13:09:30,1763019570000,56,optimized,hybrid,191.46352605619393,222.09789932624165,251.1283894398942
2025-11-13T12:13:30,1763016210000,SENSEX,2025-11-13T13:10:30,1763019630000,57,optimized,hybrid,183.6270720512182,217.72006689267778,245.27206488071624
2025-11-13T12:13:30,1763016210000,SENSEX,2025-11-13T13:11:30,1763019690000,58,optimized,hybrid,188.730219390811,222.08737805824882,251.70808214996921
2025-11-13T12:13:30,1763016210000,SENSEX,2025-11-13T13:12:30,1763019750000,59,optimized,hybrid,189.76949724513875,222.39996700159213,249.55437477119503
2025-11-13T12:13:30,1763016210000,SENSEX,2025-11-13T13:13:30,1763019810000,60,optimized,hybrid,183.47016608440782,217.93698252977362,243.29474248834708
